timestamp_utc,case_file,case_name,run_name,family,dual_mode,seed_source,is_oracle,is_practical,blocks,num_blocks,seed_vm_policy,seed_qg_policy,termination,status,success,objective,objective_gap_vs_baseline_abs,objective_gap_vs_baseline_rel,objective_matches_baseline,shared_case_prep_time,build_time,solve_time,total_time,end_to_end_time,full_pipeline_time_including_shared_case_prep,log_path,hit_max_iter,iterations,dual_inf,constr_viol,var_bound_viol,compl_inf,overall_nlp_error,ipopt_reported_total_sec,ipopt_cpu_sec_no_func_eval,ipopt_cpu_sec_func_eval,ipopt_cpu_total_est,restoration_used,baseMVA,nb,nl,ng_total,ng_active,n_load_buses,n_ref_buses,n_pv_buses,n_pq_buses,total_pd_mw,total_qd_mvar,sum_pmax_mw,sum_pmin_mw,sum_qmax_mvar,sum_qmin_mvar,n_branch_with_limits,n_branch_out_of_service,gencost_any_pwl,gencost_max_poly_degree,gencost_any_quadratic,objective_value,total_pg_mw,total_qg_mvar,vm_min,vm_max,vm_mean,vm_std,va_min_rad,va_max_rad,va_mean_rad,va_std_rad,max_line_mva_from,max_line_mva_to,mean_line_mva_from,mean_line_mva_to,max_thermal_util_from,max_thermal_util_to,mean_thermal_util_from,mean_thermal_util_to,max_flow_limit_violation_sq_from,max_flow_limit_violation_sq_to,n_pg_at_lb,n_pg_at_ub,n_qg_at_lb,n_qg_at_ub,n_vm_at_lb,n_vm_at_ub,init_has_Pg,init_Pg_l2,init_Pg_linf,init_Pg_mean_abs,init_Pg_median_abs,init_Pg_max_abs,init_has_Qg,init_Qg_l2,init_Qg_linf,init_Qg_mean_abs,init_Qg_median_abs,init_Qg_max_abs,init_has_Vm,init_Vm_l2,init_Vm_linf,init_Vm_mean_abs,init_Vm_median_abs,init_Vm_max_abs,init_has_Va,init_Va_l2,init_Va_linf,init_Va_mean_abs,init_Va_median_abs,init_Va_max_abs,init_has_duals,init_has_constraint_duals,init_has_bound_mults,dist_to_baseline_Pg_l2,dist_to_baseline_Pg_linf,dist_to_baseline_Pg_mean_abs,dist_to_baseline_Pg_median_abs,dist_to_baseline_Pg_max_abs,dist_to_baseline_Qg_l2,dist_to_baseline_Qg_linf,dist_to_baseline_Qg_mean_abs,dist_to_baseline_Qg_median_abs,dist_to_baseline_Qg_max_abs,dist_to_baseline_Vm_l2,dist_to_baseline_Vm_linf,dist_to_baseline_Vm_mean_abs,dist_to_baseline_Vm_median_abs,dist_to_baseline_Vm_max_abs,dist_to_baseline_Va_l2,dist_to_baseline_Va_linf,dist_to_baseline_Va_mean_abs,dist_to_baseline_Va_median_abs,dist_to_baseline_Va_max_abs,dc_seed_mode,dc_solver,dc_solver_problem_type,dc_termination,dc_status,dc_build_time,dc_solve_time,dc_total_time,dc_objective
2026-03-22T06:27:10Z,test_cases/pglib_opf_case13659_pegase.mat,pglib_opf_case13659_pegase,baseline_default,baseline,none,case_default,0,1,,0,,,optimal,ok,1,68689.06893028245,,,,0.38318586349487305,2.9931252002716064,45.01408386230469,48.007209062576294,48.007209062576294,48.39039492607117,acopf_acdc_paper_study/cases/pglib_opf_case13659_pegase/logs/baseline_default.log,0,66,7.036072951549785e-08,7.190045242522203e-08,1.926949941832845e-07,9.076851612890334e-08,9.076851612890334e-08,33.702,,,33.702,False,100.0,13659,20467,4092,4092,5544,1,4091,9567,381431.85000000003,98523.40000000001,981300.0,225681.29,995580.0,-790500.0,20467,0,0,2,1,8948048.970748583,390302.80866390065,95693.78877946836,0.8337393140191859,1.1696489213734322,1.0655154098357227,0.03367619532095592,-0.43394928001398303,1.2688387561350147,0.20392997530643642,0.30869657572049025,2798.783344540986,2797.172009752409,116.77050663006277,116.87664349331565,1.000002888283718,1.0000055547626827,0.12480123786845623,0.12517003679340982,2.518341091217735e-07,6.819746403152749e-07,3381,608,264,117,8,1462,,,,,,,,,,,,,,,,,,,,,,,,,,,,,,,,,,,,,,,,,,,,,,,,,,,,,,,,
2026-03-22T06:27:58Z,test_cases/pglib_opf_case13659_pegase.mat,pglib_opf_case13659_pegase,oracle_ac_primal_only__Pg,oracle_ac_primal_only,none,ac_true,1,0,Pg,1,,,optimal,ok,1,68689.06893028232,8879359.90181828,129.26889299999962,0,0.38318586349487305,6.532665014266968,41.202179193496704,47.73484420776367,47.73484420776367,48.118030071258545,acopf_acdc_paper_study/cases/pglib_opf_case13659_pegase/logs/oracle_ac_primal_only__Pg.log,0,60,7.036039676159031e-08,7.190042078386583e-08,1.926949941832845e-07,9.076851612917836e-08,9.076851612917836e-08,30.145,,,30.145,False,100.0,13659,20467,4092,4092,5544,1,4091,9567,381431.85000000003,98523.40000000001,981300.0,225681.29,995580.0,-790500.0,20467,0,0,2,1,8948048.970748562,390302.8086638993,95693.78877945231,0.8337393140192253,1.1696489213733539,1.065515409835729,0.03367619532094725,-0.4339492800137628,1.2688387561347194,0.20392997530691603,0.3086965757201076,2798.783344541086,2797.17200975251,116.77050663005733,116.87664349331104,1.0000028882837178,1.000005554762682,0.12480123786845113,0.12517003679340505,2.5183405227835465e-07,6.819744555741636e-07,3381,608,264,117,8,1462,1,0.0,0.0,0.0,0.0,0.0,0,,,,,,0,,,,,,0,,,,,,0,0,0,6.081126979225062e-11,2.8180124900245573e-11,5.289082004994021e-14,0.0,2.8180124900245573e-11,3.526837769246687e-09,1.4991159980048963e-09,4.848498565610499e-12,4.06064071256651e-14,1.4991159980048963e-09,1.67268797921972e-10,5.847922146529072e-11,1.0769530730918437e-13,5.995204332975845e-15,5.847922146529072e-11,1.3176090686057173e-10,1.2525924741879635e-11,8.752854263668387e-13,7.132627821704318e-13,1.2525924741879635e-11,,,,,,,,,
2026-03-22T06:40:02Z,test_cases/pglib_opf_case13659_pegase.mat,pglib_opf_case13659_pegase,oracle_ac_primal_only__Qg,oracle_ac_primal_only,none,ac_true,1,0,Qg,1,,,optimal,ok,1,68689.06893028246,8879359.9018183,129.2688929999999,0,0.38318586349487305,6.798696994781494,717.5491390228271,724.3478360176086,724.3478360176086,724.7310218811035,acopf_acdc_paper_study/cases/pglib_opf_case13659_pegase/logs/oracle_ac_primal_only__Qg.log,0,262,7.036091007745446e-08,7.190046091842817e-08,1.926949941832845e-07,9.076851612880648e-08,9.076851612880648e-08,706.431,,,706.431,True,100.0,13659,20467,4092,4092,5544,1,4091,9567,381431.85000000003,98523.40000000001,981300.0,225681.29,995580.0,-790500.0,20467,0,0,2,1,8948048.970748583,390302.8086639009,95693.78877944549,0.8337393140191893,1.1696489213734416,1.0655154098357225,0.03367619532094943,-0.43394928001398514,1.2688387561351273,0.20392997530646123,0.30869657572056997,2798.7833445410843,2797.1720097525076,116.7705066300607,116.87664349331611,1.0000028882837182,1.000005554762683,0.12480123786845328,0.12517003679341085,2.5183413754348294e-07,6.819745408392919e-07,3381,608,264,117,8,1462,0,,,,,,1,0.0,0.0,0.0,0.0,0.0,0,,,,,,0,,,,,,0,0,0,3.5461982421683764e-11,1.9206636281410283e-11,2.883287280864797e-14,0.0,1.9206636281410283e-11,2.4158379003851017e-09,1.1955805234720174e-09,3.77705918368354e-12,2.4015511801422917e-14,1.1955805234720174e-09,1.3055711928306897e-10,5.1921800192644696e-11,8.361962642269866e-14,3.774758283725532e-15,5.1921800192644696e-11,3.478827967550662e-11,1.33399402635348e-11,1.8783443729517844e-13,1.525446435834965e-13,1.33399402635348e-11,,,,,,,,,
2026-03-22T06:42:13Z,test_cases/pglib_opf_case13659_pegase.mat,pglib_opf_case13659_pegase,oracle_ac_primal_only__Vm,oracle_ac_primal_only,none,ac_true,1,0,Vm,1,,,optimal,ok,1,68689.0689302825,8879359.901818298,129.26889299999988,0,0.38318586349487305,4.383079290390015,126.86592626571655,131.24900555610657,131.24900555610657,131.63219141960144,acopf_acdc_paper_study/cases/pglib_opf_case13659_pegase/logs/oracle_ac_primal_only__Vm.log,0,187,7.128000819226967e-08,7.119762257534745e-08,1.926949941832845e-07,9.115751671137282e-08,9.115751671137282e-08,115.717,,,115.717,True,100.0,13659,20467,4092,4092,5544,1,4091,9567,381431.85000000003,98523.40000000001,981300.0,225681.29,995580.0,-790500.0,20467,0,0,2,1,8948048.970748581,390302.8086517507,95693.7887576096,0.8337393140186012,1.1696489214166186,1.065515408209984,0.033676201489243364,-0.4339492788380371,1.268838755542748,0.20392997782134556,0.3086965740067572,2798.7833445208507,2797.1720097337206,116.77050652164218,116.87664337548198,1.0000028882837173,1.0000055547626796,0.12480123998058262,0.12517003814867628,2.518341091217735e-07,6.819063003149495e-07,3381,608,264,117,8,1462,0,,,,,,0,,,,,,1,0.0,0.0,0.0,0.0,0.0,0,,,,,,0,0,0,4.938012183438249e-07,4.103019186629808e-07,2.9125771596288455e-10,0.0,4.103019186629808e-07,1.325751305093621e-05,7.362686212680769e-06,2.324952680285447e-08,8.597775269514329e-10,7.362686212680769e-06,1.464272220785743e-05,7.683351484599754e-06,3.2877837433217875e-09,7.032385784810913e-11,7.683351484599754e-06,1.5424104584531568e-06,7.807209196353249e-07,3.3145947002592707e-09,1.2859593390146529e-09,7.807209196353249e-07,,,,,,,,,
2026-03-22T06:45:00Z,test_cases/pglib_opf_case13659_pegase.mat,pglib_opf_case13659_pegase,oracle_ac_primal_only__Va,oracle_ac_primal_only,none,ac_true,1,0,Va,1,,,optimal,ok,1,68689.06893028248,8879359.901818296,129.26889299999985,0,0.38318586349487305,4.432023048400879,161.67508816719055,166.10711121559143,166.10711121559143,166.4902970790863,acopf_acdc_paper_study/cases/pglib_opf_case13659_pegase/logs/oracle_ac_primal_only__Va.log,0,264,7.127887666963935e-08,7.119554451540111e-08,1.926949941832845e-07,9.115724624989906e-08,9.115724624989906e-08,150.639,,,150.639,False,100.0,13659,20467,4092,4092,5544,1,4091,9567,381431.85000000003,98523.40000000001,981300.0,225681.29,995580.0,-790500.0,20467,0,0,2,1,8948048.97074858,390302.8086517328,95693.78871090949,0.833739314018599,1.169648921416313,1.065515408207256,0.03367620148477206,-0.4339492788370923,1.2688387555380176,0.20392997781434602,0.30869657400287526,2798.7833445207634,2797.172009733635,116.77050651770853,116.87664337619171,1.0000028882837182,1.0000055547626792,0.12480123997720466,0.12517003815143132,2.5183410201634615e-07,6.8190627189324e-07,3381,608,264,117,8,1462,0,,,,,,0,,,,,,0,,,,,,1,0.0,0.0,0.0,0.0,0.0,0,0,0,4.950848232130333e-07,4.1179218435161147e-07,2.9185592758912966e-10,0.0,4.1179218435161147e-07,1.3703008471320991e-05,7.365974686507348e-06,2.61242237018342e-08,8.59432358613077e-10,7.365974686507348e-06,1.4651304683055442e-05,7.687577279646973e-06,3.3298900068481166e-09,7.011946578927564e-11,7.687577279646973e-06,1.543064511130556e-06,7.811357429776677e-07,3.3142491989601574e-09,1.2926419379333254e-09,7.811357429776677e-07,,,,,,,,,
2026-03-22T06:45:46Z,test_cases/pglib_opf_case13659_pegase.mat,pglib_opf_case13659_pegase,oracle_ac_primal_only__Pg_Qg,oracle_ac_primal_only,none,ac_true,1,0,Pg+Qg,2,,,optimal,ok,1,68689.0689302824,8879359.901818292,129.2688929999998,0,0.38318586349487305,4.477122068405151,42.03734517097473,46.51446723937988,46.51446723937988,46.897653102874756,acopf_acdc_paper_study/cases/pglib_opf_case13659_pegase/logs/oracle_ac_primal_only__Pg_Qg.log,0,61,7.036067798626968e-08,7.190043499472054e-08,1.926949941832845e-07,9.076851612785002e-08,9.076851612785002e-08,30.979,,,30.979,False,100.0,13659,20467,4092,4092,5544,1,4091,9567,381431.85000000003,98523.40000000001,981300.0,225681.29,995580.0,-790500.0,20467,0,0,2,1,8948048.970748575,390302.8086639006,95693.78877948316,0.8337393140192026,1.1696489213733898,1.0655154098357251,0.03367619532095511,-0.4339492800140673,1.2688387561350447,0.20392997530612506,0.3086965757206559,2798.7833445410834,2797.1720097525063,116.77050663006443,116.87664349331601,1.0000028882837184,1.0000055547626827,0.12480123786845944,0.12517003679341038,2.518340807000641e-07,6.819744271524542e-07,3381,608,264,117,8,1462,1,0.0,0.0,0.0,0.0,0.0,1,0.0,0.0,0.0,0.0,0.0,0,,,,,,0,,,,,,0,0,0,3.556431036720895e-11,2.0867751970854442e-11,3.073007357159857e-14,0.0,2.0867751970854442e-11,2.4880626362390864e-09,1.0999983146575687e-09,3.4537186303828297e-12,2.378652830259398e-14,1.0999983146575687e-09,1.6276563994883734e-10,7.32496285849038e-11,8.408551531152995e-14,4.218847493575595e-15,7.32496285849038e-11,6.673429081891795e-11,1.8265944312645388e-11,3.902815197613467e-13,2.723377079405509e-13,1.8265944312645388e-11,,,,,,,,,
2026-03-22T06:46:33Z,test_cases/pglib_opf_case13659_pegase.mat,pglib_opf_case13659_pegase,oracle_ac_primal_only__Pg_Vm,oracle_ac_primal_only,none,ac_true,1,0,Pg+Vm,2,,,optimal,ok,1,68689.06893028249,8879359.901818298,129.26889299999988,0,0.38318586349487305,4.5466837882995605,42.099689245224,46.64637303352356,46.64637303352356,47.02955889701843,acopf_acdc_paper_study/cases/pglib_opf_case13659_pegase/logs/oracle_ac_primal_only__Pg_Vm.log,0,60,7.127852661287989e-08,7.119540779143563e-08,1.926949941832845e-07,9.115722445046665e-08,9.115722445046665e-08,31.052,,,31.052,False,100.0,13659,20467,4092,4092,5544,1,4091,9567,381431.85000000003,98523.40000000001,981300.0,225681.29,995580.0,-790500.0,20467,0,0,2,1,8948048.970748581,390302.808651765,95693.7887578506,0.8337393140185633,1.1696489214162626,1.0655154082097549,0.03367620149371526,-0.43394927883926826,1.2688387555436775,0.20392997781793154,0.30869657400921696,2798.783344520821,2797.172009733692,116.77050652177458,116.87664337561628,1.0000028882837184,1.000005554762679,0.12480123998231896,0.12517003815000388,2.5183413754348294e-07,6.819063003149495e-07,3381,608,264,117,8,1462,1,0.0,0.0,0.0,0.0,0.0,0,,,,,,1,0.0,0.0,0.0,0.0,0.0,0,,,,,,0,0,0,4.932325753937467e-07,4.0984273930178006e-07,2.909050414116106e-10,0.0,4.0984273930178006e-07,1.3262490176809803e-05,7.3661351669140895e-06,2.3240926752327463e-08,8.594006617457239e-10,7.3661351669140895e-06,1.465081650163783e-05,7.687789487897945e-06,3.2879019206170226e-09,7.020739545282595e-11,7.687789487897945e-06,1.5429328701512548e-06,7.811567951931941e-07,3.310126883486287e-09,1.2846157471102515e-09,7.811567951931941e-07,,,,,,,,,
2026-03-22T06:47:13Z,test_cases/pglib_opf_case13659_pegase.mat,pglib_opf_case13659_pegase,oracle_ac_primal_only__Pg_Va,oracle_ac_primal_only,none,ac_true,1,0,Pg+Va,2,,,optimal,ok,1,68689.06893028258,8879359.901818307,129.26889300000002,0,0.38318586349487305,4.4366679191589355,35.492000102996826,39.92866802215576,39.92866802215576,40.311853885650635,acopf_acdc_paper_study/cases/pglib_opf_case13659_pegase/logs/oracle_ac_primal_only__Pg_Va.log,0,48,7.127850434809032e-08,7.119540501587807e-08,1.926949941832845e-07,9.115722366600343e-08,9.115722366600343e-08,24.44,,,24.44,False,100.0,13659,20467,4092,4092,5544,1,4091,9567,381431.85000000003,98523.40000000001,981300.0,225681.29,995580.0,-790500.0,20467,0,0,2,1,8948048.97074859,390302.8086517343,95693.7887109298,0.8337393140186005,1.1696489214162271,1.0655154082072487,0.03367620148501496,-0.43394927883715384,1.2688387555380565,0.20392997781451497,0.30869657400285716,2798.7833445206506,2797.1720097335224,116.77050651771827,116.87664337620144,1.0000028882837182,1.0000055547626796,0.12480123997730094,0.12517003815150735,2.51834158859765e-07,6.819062434715306e-07,3381,608,264,117,8,1462,1,0.0,0.0,0.0,0.0,0.0,0,,,,,,0,,,,,,1,0.0,0.0,0.0,0.0,0.0,0,0,0,4.950479547651464e-07,4.117683936044614e-07,2.9183063355475557e-10,0.0,4.117683936044614e-07,1.3703013246589017e-05,7.3661365171395765e-06,2.6123704638986744e-08,8.594034650588611e-10,7.3661365171395765e-06,1.4651709047655277e-05,7.687802513922648e-06,3.3298782183343895e-09,7.009570701654866e-11,7.687802513922648e-06,1.5431132127940288e-06,7.811593284445806e-07,3.3143753623411324e-09,1.292252971296648e-09,7.811593284445806e-07,,,,,,,,,
2026-03-22T06:50:36Z,test_cases/pglib_opf_case13659_pegase.mat,pglib_opf_case13659_pegase,oracle_ac_primal_only__Qg_Vm,oracle_ac_primal_only,none,ac_true,1,0,Qg+Vm,2,,,maxIterations,warning,0,76282.18384655246,,,,0.38318586349487305,4.478327989578247,198.3909456729889,202.86927366256714,202.86927366256714,203.252459526062,acopf_acdc_paper_study/cases/pglib_opf_case13659_pegase/logs/oracle_ac_primal_only__Qg_Vm.log,1,300,22178017.083703265,0.602061248818961,7.0166712440311585e-09,225996.40475077103,9372.75380340778,187.343,,,187.343,True,100.0,13659,20467,4092,4092,5544,1,4091,9567,381431.85000000003,98523.40000000001,981300.0,225681.29,995580.0,-790500.0,20467,0,0,2,1,,,,,,,,,,,,,,,,,,,,,,,,,,,,0,,,,,,1,0.0,0.0,0.0,0.0,0.0,1,0.0,0.0,0.0,0.0,0.0,0,,,,,,0,0,0,,,,,,,,,,,,,,,,,,,,,,,,,,,,,
2026-03-22T06:53:04Z,test_cases/pglib_opf_case13659_pegase.mat,pglib_opf_case13659_pegase,oracle_ac_primal_only__Qg_Va,oracle_ac_primal_only,none,ac_true,1,0,Qg+Va,2,,,optimal,ok,1,68689.06893028255,8879359.901818305,129.268893,0,0.38318586349487305,4.53850531578064,143.3832128047943,147.92171812057495,147.92171812057495,148.30490398406982,acopf_acdc_paper_study/cases/pglib_opf_case13659_pegase/logs/oracle_ac_primal_only__Qg_Va.log,0,239,7.127830201348722e-08,7.119543010691842e-08,1.926949941832845e-07,9.11572236673613e-08,9.11572236673613e-08,132.215,,,132.215,False,100.0,13659,20467,4092,4092,5544,1,4091,9567,381431.85000000003,98523.40000000001,981300.0,225681.29,995580.0,-790500.0,20467,0,0,2,1,8948048.970748588,390302.8086517345,95693.7887109411,0.8337393140185808,1.1696489214162744,1.065515408207246,0.033676201485019444,-0.433949278837229,1.2688387555380207,0.2039299778139422,0.3086965740030851,2798.783344520706,2797.1720097335774,116.77050651771991,116.87664337620244,1.000002888283718,1.0000055547626796,0.12480123997730323,0.1251700381515082,2.518340807000641e-07,6.819062150498212e-07,3381,608,264,117,8,1462,0,,,,,,1,0.0,0.0,0.0,0.0,0.0,0,,,,,,1,0.0,0.0,0.0,0.0,0.0,0,0,0,4.950408397285452e-07,4.1176375376039687e-07,2.9182443975595547e-10,0.0,4.1176375376039687e-07,1.3703068747585438e-05,7.366136542105717e-06,2.6123127111026385e-08,8.59437410127839e-10,7.366136542105717e-06,1.465170882362033e-05,7.687802365596852e-06,3.3298615138630023e-09,7.011169422810326e-11,7.687802365596852e-06,1.5430822563622191e-06,7.811575415406224e-07,3.3139469043792554e-09,1.2923522252350494e-09,7.811575415406224e-07,,,,,,,,,
2026-03-22T06:53:51Z,test_cases/pglib_opf_case13659_pegase.mat,pglib_opf_case13659_pegase,oracle_ac_primal_only__Vm_Va,oracle_ac_primal_only,none,ac_true,1,0,Vm+Va,2,,,optimal,ok,1,68689.06893028252,8879359.901818303,129.26889299999996,0,0.38318586349487305,4.376302003860474,42.26913285255432,46.645434856414795,46.645434856414795,47.02862071990967,acopf_acdc_paper_study/cases/pglib_opf_case13659_pegase/logs/oracle_ac_primal_only__Vm_Va.log,0,61,7.127847251027923e-08,7.119542883016194e-08,1.926949941832845e-07,9.115722375736084e-08,9.115722375736084e-08,31.214,,,31.214,False,100.0,13659,20467,4092,4092,5544,1,4091,9567,381431.85000000003,98523.40000000001,981300.0,225681.29,995580.0,-790500.0,20467,0,0,2,1,8948048.970748587,390302.8086517324,95693.78869468557,0.8337393140185744,1.1696489214163612,1.0655154082066662,0.033676201481640945,-0.4339492788370051,1.268838755537733,0.20392997781307232,0.30869657400091555,2798.783344520805,2797.1720097336765,116.7705065169792,116.87664337720348,1.0000028882837178,1.0000055547626792,0.12480123997606056,0.12517003815333638,2.5183406648920936e-07,6.8190627189324e-07,3381,608,264,117,8,1462,0,,,,,,0,,,,,,1,0.0,0.0,0.0,0.0,0.0,1,0.0,0.0,0.0,0.0,0.0,0,0,0,4.950957397930052e-07,4.1180274301666486e-07,2.9186530110808184e-10,0.0,4.1180274301666486e-07,1.3917141525694859e-05,7.366136359765463e-06,2.7047366152468493e-08,8.592945521801454e-10,7.366136359765463e-06,1.465225151526785e-05,7.687802828226786e-06,3.3452488362998776e-09,7.010481084535058e-11,7.687802828226786e-06,1.5431736141934025e-06,7.811588879080844e-07,3.3153033866946457e-09,1.2924641912270829e-09,7.811588879080844e-07,,,,,,,,,
2026-03-22T06:54:40Z,test_cases/pglib_opf_case13659_pegase.mat,pglib_opf_case13659_pegase,oracle_ac_primal_only__Pg_Qg_Vm,oracle_ac_primal_only,none,ac_true,1,0,Pg+Qg+Vm,3,,,optimal,ok,1,68689.06893028255,8879359.901818305,129.268893,0,0.38318586349487305,6.836277008056641,41.574584007263184,48.410861015319824,48.410861015319824,48.7940468788147,acopf_acdc_paper_study/cases/pglib_opf_case13659_pegase/logs/oracle_ac_primal_only__Pg_Qg_Vm.log,0,59,7.127849027601179e-08,7.11954133980619e-08,1.926949941832845e-07,9.115722445047257e-08,9.115722445047257e-08,30.516,,,30.516,False,100.0,13659,20467,4092,4092,5544,1,4091,9567,381431.85000000003,98523.40000000001,981300.0,225681.29,995580.0,-790500.0,20467,0,0,2,1,8948048.970748588,390302.80865176494,95693.78875784829,0.8337393140186392,1.169648921416375,1.0655154082097436,0.033676201493727555,-0.4339492788391936,1.2688387555434668,0.20392997781794373,0.3086965740090463,2798.783344520734,2797.1720097336038,116.77050652177375,116.87664337561544,1.0000028882837178,1.0000055547626785,0.1248012399823174,0.12517003815000188,2.518341233326282e-07,6.819062150498212e-07,3381,608,264,117,8,1462,1,0.0,0.0,0.0,0.0,0.0,1,0.0,0.0,0.0,0.0,0.0,1,0.0,0.0,0.0,0.0,0.0,0,,,,,,0,0,0,4.932508659963191e-07,4.098519070794282e-07,2.909307004407914e-10,0.0,4.098519070794282e-07,1.3262483417175533e-05,7.366135127709339e-06,2.3240896504168333e-08,8.593442069049217e-10,7.366135127709339e-06,1.4650816697665484e-05,7.687789637889075e-06,3.287902810827478e-09,7.020739545282595e-11,7.687789637889075e-06,1.54294462282907e-06,7.811576195893011e-07,3.3104336398015492e-09,1.2849805663961433e-09,7.811576195893011e-07,,,,,,,,,
2026-03-22T06:55:19Z,test_cases/pglib_opf_case13659_pegase.mat,pglib_opf_case13659_pegase,oracle_ac_primal_only__Pg_Qg_Va,oracle_ac_primal_only,none,ac_true,1,0,Pg+Qg+Va,3,,,optimal,ok,1,68689.06893028262,8879359.901818316,129.26889300000016,0,0.38318586349487305,4.456634044647217,34.94896101951599,39.40559506416321,39.40559506416321,39.78878092765808,acopf_acdc_paper_study/cases/pglib_opf_case13659_pegase/logs/oracle_ac_primal_only__Pg_Qg_Va.log,0,47,7.127868346374495e-08,7.119541728384249e-08,1.926949941832845e-07,9.115722366632973e-08,9.115722366632973e-08,23.888,,,23.888,False,100.0,13659,20467,4092,4092,5544,1,4091,9567,381431.85000000003,98523.40000000001,981300.0,225681.29,995580.0,-790500.0,20467,0,0,2,1,8948048.9707486,390302.8086517351,95693.7887109289,0.8337393140185847,1.1696489214163712,1.0655154082072475,0.033676201485013955,-0.43394927883726797,1.2688387555383196,0.2039299778142423,0.3086965740030942,2798.7833445207966,2797.1720097336674,116.77050651772146,116.87664337620528,1.0000028882837182,1.0000055547626794,0.1248012399773024,0.12517003815151057,2.5183410201634615e-07,6.819062150498212e-07,3381,608,264,117,8,1462,1,0.0,0.0,0.0,0.0,0.0,1,0.0,0.0,0.0,0.0,0.0,0,,,,,,1,0.0,0.0,0.0,0.0,0.0,0,0,0,4.950486797644222e-07,4.117757068655692e-07,2.9181932271850024e-10,0.0,4.117757068655692e-07,1.3702906152667484e-05,7.366136523412337e-06,2.6123725270768304e-08,8.593693534564295e-10,7.366136523412337e-06,1.4651709075789786e-05,7.687802458966608e-06,3.3298828234068445e-09,7.007971980499406e-11,7.687802458966608e-06,1.5430898440450589e-06,7.811581210215301e-07,3.3139070650001454e-09,1.292383089435134e-09,7.811581210215301e-07,,,,,,,,,
2026-03-22T06:56:01Z,test_cases/pglib_opf_case13659_pegase.mat,pglib_opf_case13659_pegase,oracle_ac_primal_only__Pg_Vm_Va,oracle_ac_primal_only,none,ac_true,1,0,Pg+Vm+Va,3,,,optimal,ok,1,68689.0689302825,8879359.901818302,129.26889299999993,0,0.38318586349487305,4.561110019683838,36.53854203224182,41.09965205192566,41.09965205192566,41.48283791542053,acopf_acdc_paper_study/cases/pglib_opf_case13659_pegase/logs/oracle_ac_primal_only__Pg_Vm_Va.log,0,49,7.127870455175504e-08,7.119541056699319e-08,1.926949941832845e-07,9.115722376934052e-08,9.115722376934052e-08,25.424,,,25.424,False,100.0,13659,20467,4092,4092,5544,1,4091,9567,381431.85000000003,98523.40000000001,981300.0,225681.29,995580.0,-790500.0,20467,0,0,2,1,8948048.970748585,390302.8086517331,95693.78869468778,0.8337393140186017,1.1696489214160901,1.0655154082066731,0.03367620148163863,-0.43394927883730466,1.2688387555381082,0.20392997781185046,0.3086965740016931,2798.783344520696,2797.172009733568,116.7705065169795,116.87664337720338,1.0000028882837178,1.0000055547626798,0.12480123997606025,0.1251700381533355,2.5183410201634615e-07,6.819063855800778e-07,3381,608,264,117,8,1462,1,0.0,0.0,0.0,0.0,0.0,0,,,,,,1,0.0,0.0,0.0,0.0,0.0,1,0.0,0.0,0.0,0.0,0.0,0,0,0,4.950704507306216e-07,4.1178517840023687e-07,2.918161575027052e-10,0.0,4.1178517840023687e-07,1.3917065968703408e-05,7.3661363327037765e-06,2.7047167984286074e-08,8.593168676629404e-10,7.3661363327037765e-06,1.4652250988312683e-05,7.687802602185378e-06,3.345236554001476e-09,7.01089186705417e-11,7.687802602185378e-06,1.543086354203945e-06,7.811536088531135e-07,3.3137782617065503e-09,1.2922735104226035e-09,7.811536088531135e-07,,,,,,,,,
2026-03-22T06:56:48Z,test_cases/pglib_opf_case13659_pegase.mat,pglib_opf_case13659_pegase,oracle_ac_primal_only__Qg_Vm_Va,oracle_ac_primal_only,none,ac_true,1,0,Qg+Vm+Va,3,,,optimal,ok,1,68689.06893028252,8879359.901818302,129.26889299999993,0,0.38318586349487305,4.649226188659668,43.072291135787964,47.72151732444763,47.72151732444763,48.104703187942505,acopf_acdc_paper_study/cases/pglib_opf_case13659_pegase/logs/oracle_ac_primal_only__Qg_Vm_Va.log,0,62,7.127861979580874e-08,7.119542533295942e-08,1.926949941832845e-07,9.11572237701362e-08,9.11572237701362e-08,31.963,,,31.963,False,100.0,13659,20467,4092,4092,5544,1,4091,9567,381431.85000000003,98523.40000000001,981300.0,225681.29,995580.0,-790500.0,20467,0,0,2,1,8948048.970748585,390302.8086517325,95693.7886947125,0.8337393140186043,1.1696489214161747,1.0655154082066691,0.03367620148165146,-0.4339492788371799,1.2688387555378697,0.2039299778122768,0.3086965740012957,2798.783344520767,2797.1720097336383,116.77050651698072,116.87664337720202,1.0000028882837178,1.0000055547626794,0.1248012399760624,0.1251700381533344,2.5183413754348294e-07,6.819062434715306e-07,3381,608,264,117,8,1462,0,,,,,,1,0.0,0.0,0.0,0.0,0.0,1,0.0,0.0,0.0,0.0,0.0,1,0.0,0.0,0.0,0.0,0.0,0,0,0,4.950987179400313e-07,4.1180610566016185e-07,2.918557164556471e-10,0.0,4.1180610566016185e-07,1.391632933247052e-05,7.366136306447002e-06,2.7045616400095072e-08,8.592891398429003e-10,7.366136306447002e-06,1.465224967240525e-05,7.687802634492868e-06,3.345219870809566e-09,7.009326452589448e-11,7.687802634492868e-06,1.5431247706021512e-06,7.811559993853301e-07,3.3145176017826444e-09,1.292761397930775e-09,7.811559993853301e-07,,,,,,,,,
2026-03-22T06:57:29Z,test_cases/pglib_opf_case13659_pegase.mat,pglib_opf_case13659_pegase,oracle_ac_primal_only__Pg_Qg_Vm_Va,oracle_ac_primal_only,none,ac_true,1,0,Pg+Qg+Vm+Va,4,,,optimal,ok,1,68689.06893028253,8879359.901818302,129.26889299999993,0,0.38318586349487305,4.480188846588135,35.682080030441284,40.16226887702942,40.16226887702942,40.54545474052429,acopf_acdc_paper_study/cases/pglib_opf_case13659_pegase/logs/oracle_ac_primal_only__Pg_Qg_Vm_Va.log,0,47,7.127854782559863e-08,7.119539630062732e-08,1.926949941832845e-07,9.115722377023755e-08,9.115722377023755e-08,24.562,,,24.562,False,100.0,13659,20467,4092,4092,5544,1,4091,9567,381431.85000000003,98523.40000000001,981300.0,225681.29,995580.0,-790500.0,20467,0,0,2,1,8948048.970748585,390302.8086517323,95693.78869467869,0.8337393140186001,1.1696489214161263,1.065515408206673,0.033676201481636456,-0.43394927883706075,1.2688387555379301,0.20392997781330272,0.3086965740008759,2798.7833445206825,2797.172009733555,116.77050651697697,116.87664337720076,1.0000028882837182,1.0000055547626796,0.12480123997605759,0.12517003815333322,2.5183408780549144e-07,6.819062150498212e-07,3381,608,264,117,8,1462,1,0.0,0.0,0.0,0.0,0.0,1,0.0,0.0,0.0,0.0,0.0,1,0.0,0.0,0.0,0.0,0.0,1,0.0,0.0,0.0,0.0,0.0,0,0,0,4.951067458766209e-07,4.118163872135483e-07,2.9186600251969447e-10,0.0,4.118163872135483e-07,1.391694752216398e-05,7.366136250741562e-06,2.7046888917120518e-08,8.592944411578429e-10,7.366136250741562e-06,1.4652251112324959e-05,7.687802828781898e-06,3.3452341270518307e-09,7.009948177483238e-11,7.687802828781898e-06,1.5431824107331397e-06,7.811594590068083e-07,3.315334401151457e-09,1.292634665972514e-09,7.811594590068083e-07,,,,,,,,,
2026-03-22T06:59:39Z,test_cases/pglib_opf_case13659_pegase.mat,pglib_opf_case13659_pegase,oracle_ac_primal_dual__Pg,oracle_ac_primal_dual,full,ac_true,1,0,Pg,1,,,optimal,ok,1,68689.09763353491,8879363.640959222,129.268947435749,0,0.38318586349487305,7.002486705780029,122.93542385101318,129.9379105567932,129.9379105567932,130.3210964202881,acopf_acdc_paper_study/cases/pglib_opf_case13659_pegase/logs/oracle_ac_primal_dual__Pg.log,0,200,2.770073889959678e-07,6.682768257451621e-07,1.9269499063057083e-07,1.2188494692163222e-07,6.682768257451621e-07,111.758,,,111.758,True,100.0,13659,20467,4092,4092,5544,1,4091,9567,381431.85000000003,98523.40000000001,981300.0,225681.29,995580.0,-790500.0,20467,0,0,2,1,8948052.709889505,390302.9843442312,95690.71657004637,0.8337393135439202,1.169648959593064,1.0655254255669082,0.03368168803403702,-0.43395126781117244,1.2688436752484529,0.20393472838963836,0.3086970849252422,2798.7833561766656,2797.172020556993,116.76732461239088,116.8738424292744,1.000002888243895,1.0000055547626665,0.12479871770190108,0.1251681827132556,2.518268331641593e-07,6.638623659682708e-07,3381,608,260,117,8,1464,1,0.0,0.0,0.0,0.0,0.0,0,,,,,,0,,,,,,0,,,,,,1,1,1,0.0006914167970866968,0.0004357045371032875,4.752707277193447e-07,8.021361352916756e-15,0.0004357045371032875,1.1777163396472579,1.059481700930629,0.0005136861653303495,3.1299836208975584e-07,1.059481700930629,0.05920030786683731,0.02921495832224652,1.0220367175924966e-05,2.2918901887436505e-08,0.02921495832224652,0.0028145221809096864,0.0023972940061800507,6.552184663903309e-06,5.796158980456156e-06,0.0023972940061800507,,,,,,,,,
2026-03-22T07:02:50Z,test_cases/pglib_opf_case13659_pegase.mat,pglib_opf_case13659_pegase,oracle_ac_primal_dual__Qg,oracle_ac_primal_dual,full,ac_true,1,0,Qg,1,,,maxIterations,warning,0,125334.36771456046,,,,0.38318586349487305,4.773320913314819,186.06175804138184,190.83507895469666,190.83507895469666,191.21826481819153,acopf_acdc_paper_study/cases/pglib_opf_case13659_pegase/logs/oracle_ac_primal_dual__Qg.log,1,300,7820.789076871748,11.975541405657186,1.179901643055814e-08,418.9974760369756,7820.789076871748,174.83,,,174.83,False,100.0,13659,20467,4092,4092,5544,1,4091,9567,381431.85000000003,98523.40000000001,981300.0,225681.29,995580.0,-790500.0,20467,0,0,2,1,,,,,,,,,,,,,,,,,,,,,,,,,,,,0,,,,,,1,0.0,0.0,0.0,0.0,0.0,0,,,,,,0,,,,,,1,1,1,,,,,,,,,,,,,,,,,,,,,,,,,,,,,
2026-03-22T07:06:01Z,test_cases/pglib_opf_case13659_pegase.mat,pglib_opf_case13659_pegase,oracle_ac_primal_dual__Vm,oracle_ac_primal_dual,full,ac_true,1,0,Vm,1,,,maxIterations,warning,0,121536.87201111615,,,,0.38318586349487305,4.610225200653076,186.6880841255188,191.29830932617188,191.29830932617188,191.68149518966675,acopf_acdc_paper_study/cases/pglib_opf_case13659_pegase/logs/oracle_ac_primal_dual__Vm.log,1,300,1046.0309766123453,11.147796105478356,1.0953041362782301e-08,438.3922625376207,1046.0309766123453,175.356,,,175.356,False,100.0,13659,20467,4092,4092,5544,1,4091,9567,381431.85000000003,98523.40000000001,981300.0,225681.29,995580.0,-790500.0,20467,0,0,2,1,,,,,,,,,,,,,,,,,,,,,,,,,,,,0,,,,,,0,,,,,,1,0.0,0.0,0.0,0.0,0.0,0,,,,,,1,1,1,,,,,,,,,,,,,,,,,,,,,,,,,,,,,
2026-03-22T07:09:17Z,test_cases/pglib_opf_case13659_pegase.mat,pglib_opf_case13659_pegase,oracle_ac_primal_dual__Va,oracle_ac_primal_dual,full,ac_true,1,0,Va,1,,,maxIterations,warning,0,79191.42704272839,,,,0.38318586349487305,7.053296089172363,188.55520510673523,195.6085011959076,195.6085011959076,195.99168705940247,acopf_acdc_paper_study/cases/pglib_opf_case13659_pegase/logs/oracle_ac_primal_dual__Va.log,1,300,286688.52161319496,0.791747750576039,2.0770084763199748e-08,69.53041265707938,9326.231253238611,177.134,,,177.134,False,100.0,13659,20467,4092,4092,5544,1,4091,9567,381431.85000000003,98523.40000000001,981300.0,225681.29,995580.0,-790500.0,20467,0,0,2,1,,,,,,,,,,,,,,,,,,,,,,,,,,,,0,,,,,,0,,,,,,0,,,,,,1,0.0,0.0,0.0,0.0,0.0,1,1,1,,,,,,,,,,,,,,,,,,,,,,,,,,,,,
2026-03-22T07:12:21Z,test_cases/pglib_opf_case13659_pegase.mat,pglib_opf_case13659_pegase,oracle_ac_primal_dual__Pg_Qg,oracle_ac_primal_dual,full,ac_true,1,0,Pg+Qg,2,,,maxIterations,warning,0,68689.07461306168,,,,0.38318586349487305,4.522402048110962,179.74155116081238,184.26395320892334,184.26395320892334,184.6471390724182,acopf_acdc_paper_study/cases/pglib_opf_case13659_pegase/logs/oracle_ac_primal_dual__Pg_Qg.log,1,300,1.1591235786726206e-10,3.004922977112301e-10,1.3068418525108427e-07,1.000001072210164e-06,1.000001072210164e-06,168.427,,,168.427,True,100.0,13659,20467,4092,4092,5544,1,4091,9567,381431.85000000003,98523.40000000001,981300.0,225681.29,995580.0,-790500.0,20467,0,0,2,1,,,,,,,,,,,,,,,,,,,,,,,,,,,,1,0.0,0.0,0.0,0.0,0.0,1,0.0,0.0,0.0,0.0,0.0,0,,,,,,0,,,,,,1,1,1,,,,,,,,,,,,,,,,,,,,,,,,,,,,,
2026-03-22T07:15:31Z,test_cases/pglib_opf_case13659_pegase.mat,pglib_opf_case13659_pegase,oracle_ac_primal_dual__Pg_Vm,oracle_ac_primal_dual,full,ac_true,1,0,Pg+Vm,2,,,maxIterations,warning,0,68568.75560924542,,,,0.38318586349487305,6.97856593132019,183.28643703460693,190.26500296592712,190.26500296592712,190.648188829422,acopf_acdc_paper_study/cases/pglib_opf_case13659_pegase/logs/oracle_ac_primal_dual__Pg_Vm.log,1,300,23.702211257007882,0.7124323314716844,2.8905736471074306e-08,282.2297916424564,282.2297916424564,172.018,,,172.018,True,100.0,13659,20467,4092,4092,5544,1,4091,9567,381431.85000000003,98523.40000000001,981300.0,225681.29,995580.0,-790500.0,20467,0,0,2,1,,,,,,,,,,,,,,,,,,,,,,,,,,,,1,0.0,0.0,0.0,0.0,0.0,0,,,,,,1,0.0,0.0,0.0,0.0,0.0,0,,,,,,1,1,1,,,,,,,,,,,,,,,,,,,,,,,,,,,,,
2026-03-22T07:16:47Z,test_cases/pglib_opf_case13659_pegase.mat,pglib_opf_case13659_pegase,oracle_ac_primal_dual__Pg_Va,oracle_ac_primal_dual,full,ac_true,1,0,Pg+Va,2,,,optimal,ok,1,68689.09763353497,8879363.64095923,129.2689474357491,0,0.38318586349487305,4.753766059875488,71.07774090766907,75.83150696754456,75.83150696754456,76.21469283103943,acopf_acdc_paper_study/cases/pglib_opf_case13659_pegase/logs/oracle_ac_primal_dual__Pg_Va.log,0,103,2.7701068283866813e-07,6.682768975210807e-07,1.9269499063057083e-07,1.218849467485312e-07,6.682768975210807e-07,59.797,,,59.797,True,100.0,13659,20467,4092,4092,5544,1,4091,9567,381431.85000000003,98523.40000000001,981300.0,225681.29,995580.0,-790500.0,20467,0,0,2,1,8948052.709889513,390302.98434416007,95690.71652947544,0.8337393135439302,1.1696489595929351,1.065525425564446,0.033681688026786005,-0.43395126780605825,1.2688436752360623,0.20393472838817195,0.3086970849149535,2798.7833561767293,2797.172020557057,116.76732460945797,116.87384243041618,1.0000028882438947,1.000005554762666,0.12479871769924454,0.12516818271611307,2.518269397455697e-07,6.638624228116896e-07,3381,608,260,117,8,1464,1,0.0,0.0,0.0,0.0,0.0,0,,,,,,0,,,,,,1,0.0,0.0,0.0,0.0,0.0,1,1,1,0.0006914173350207644,0.00043570476717536,4.7526998951884744e-07,8.021361352916756e-15,0.00043570476717536,1.1777163396784547,1.0594817009150361,0.0005136875917428268,3.129560447456825e-07,1.0594817009150361,0.059200307868672426,0.02921495832224741,1.0220371071676906e-05,2.2810298982989252e-08,0.02921495832224741,0.002814522125357027,0.0023972940151883726,6.552182388026318e-06,5.796171715866105e-06,0.0023972940151883726,,,,,,,,,
2026-03-22T07:19:58Z,test_cases/pglib_opf_case13659_pegase.mat,pglib_opf_case13659_pegase,oracle_ac_primal_dual__Qg_Vm,oracle_ac_primal_dual,full,ac_true,1,0,Qg+Vm,2,,,maxIterations,warning,0,124968.33285499997,,,,0.38318586349487305,4.754367828369141,185.8012957572937,190.55566358566284,190.55566358566284,190.93884944915771,acopf_acdc_paper_study/cases/pglib_opf_case13659_pegase/logs/oracle_ac_primal_dual__Qg_Vm.log,1,300,1047.0201742941304,11.156748455959152,1.0948143502886865e-08,440.3779273110859,1047.0201742941304,174.517,,,174.517,False,100.0,13659,20467,4092,4092,5544,1,4091,9567,381431.85000000003,98523.40000000001,981300.0,225681.29,995580.0,-790500.0,20467,0,0,2,1,,,,,,,,,,,,,,,,,,,,,,,,,,,,0,,,,,,1,0.0,0.0,0.0,0.0,0.0,1,0.0,0.0,0.0,0.0,0.0,0,,,,,,1,1,1,,,,,,,,,,,,,,,,,,,,,,,,,,,,,
2026-03-22T07:23:09Z,test_cases/pglib_opf_case13659_pegase.mat,pglib_opf_case13659_pegase,oracle_ac_primal_dual__Qg_Va,oracle_ac_primal_dual,full,ac_true,1,0,Qg+Va,2,,,maxIterations,warning,0,118055.41734437521,,,,0.38318586349487305,4.755619049072266,186.2560350894928,191.01165413856506,191.01165413856506,191.39484000205994,acopf_acdc_paper_study/cases/pglib_opf_case13659_pegase/logs/oracle_ac_primal_dual__Qg_Va.log,1,300,255.53635459425277,6.032484802887524,9.999847283559404e-09,372.1661265293681,372.1661265293681,174.945,,,174.945,False,100.0,13659,20467,4092,4092,5544,1,4091,9567,381431.85000000003,98523.40000000001,981300.0,225681.29,995580.0,-790500.0,20467,0,0,2,1,,,,,,,,,,,,,,,,,,,,,,,,,,,,0,,,,,,1,0.0,0.0,0.0,0.0,0.0,0,,,,,,1,0.0,0.0,0.0,0.0,0.0,1,1,1,,,,,,,,,,,,,,,,,,,,,,,,,,,,,
2026-03-22T07:26:20Z,test_cases/pglib_opf_case13659_pegase.mat,pglib_opf_case13659_pegase,oracle_ac_primal_dual__Vm_Va,oracle_ac_primal_dual,full,ac_true,1,0,Vm+Va,2,,,maxIterations,warning,0,125947.37193196277,,,,0.38318586349487305,4.801167011260986,186.53009414672852,191.3312611579895,191.3312611579895,191.71444702148438,acopf_acdc_paper_study/cases/pglib_opf_case13659_pegase/logs/oracle_ac_primal_dual__Vm_Va.log,1,300,79.47289381730657,4.874867105648495,1.0400363237295096e-08,435.99475456423545,435.99475456423545,175.113,,,175.113,False,100.0,13659,20467,4092,4092,5544,1,4091,9567,381431.85000000003,98523.40000000001,981300.0,225681.29,995580.0,-790500.0,20467,0,0,2,1,,,,,,,,,,,,,,,,,,,,,,,,,,,,0,,,,,,0,,,,,,1,0.0,0.0,0.0,0.0,0.0,1,0.0,0.0,0.0,0.0,0.0,1,1,1,,,,,,,,,,,,,,,,,,,,,,,,,,,,,
2026-03-22T07:29:14Z,test_cases/pglib_opf_case13659_pegase.mat,pglib_opf_case13659_pegase,oracle_ac_primal_dual__Pg_Qg_Vm,oracle_ac_primal_dual,full,ac_true,1,0,Pg+Qg+Vm,3,,,optimal,ok,1,68689.06892900089,8879359.901651347,129.26889299756934,0,0.38318586349487305,4.778125047683716,169.39752221107483,174.17564725875854,174.17564725875854,174.55883312225342,acopf_acdc_paper_study/cases/pglib_opf_case13659_pegase/logs/oracle_ac_primal_dual__Pg_Qg_Vm.log,0,283,2.7699907436507955e-07,6.682840075836194e-07,1.9269499063057083e-07,1.2188599264136343e-07,6.682840075836194e-07,157.993,,,157.993,True,100.0,13659,20467,4092,4092,5544,1,4091,9567,381431.85000000003,98523.40000000001,981300.0,225681.29,995580.0,-790500.0,20467,0,0,2,1,8948048.97058163,390302.8072178781,95693.76740505983,0.8337393138716448,1.1696489507865566,1.0655153790224456,0.03367603911386392,-0.43394917629802277,1.2688386812045955,0.20393025609129772,0.3086963686195641,2798.783349146729,2797.1720140291695,116.77049273432914,116.8766292109802,1.0000028882438754,1.000005554762655,0.12480116660137036,0.1251699734892343,2.5182578866633776e-07,6.637861673652878e-07,3381,608,264,117,8,1460,1,0.0,0.0,0.0,0.0,0.0,1,0.0,0.0,0.0,0.0,0.0,1,0.0,0.0,0.0,0.0,0.0,0,,,,,,1,1,1,5.877010307618629e-05,4.795454542794175e-05,3.453370099998579e-08,4.496403249731884e-15,4.795454542794175e-05,0.0009406371314897419,0.00035143224694539343,2.5512439109512553e-06,1.49965178053435e-07,0.00035143224694539343,0.0001955534103335622,8.966578198676967e-05,1.7272679568082338e-07,1.5484353355077474e-08,8.966578198676967e-05,6.264137295391222e-05,8.387218522754036e-06,3.849722331690788e-07,1.6239668243489547e-07,8.387218522754036e-06,,,,,,,,,
2026-03-22T07:32:25Z,test_cases/pglib_opf_case13659_pegase.mat,pglib_opf_case13659_pegase,oracle_ac_primal_dual__Pg_Qg_Va,oracle_ac_primal_dual,full,ac_true,1,0,Pg+Qg+Va,3,,,maxIterations,warning,0,68677.57976362306,,,,0.38318586349487305,4.7899010181427,186.1814751625061,190.9713761806488,190.9713761806488,191.35456204414368,acopf_acdc_paper_study/cases/pglib_opf_case13659_pegase/logs/oracle_ac_primal_dual__Pg_Qg_Va.log,1,300,90.59416730864697,5.1626359228432195,9.99919773370106e-09,320.4801907334567,320.4801907334567,174.88,,,174.88,False,100.0,13659,20467,4092,4092,5544,1,4091,9567,381431.85000000003,98523.40000000001,981300.0,225681.29,995580.0,-790500.0,20467,0,0,2,1,,,,,,,,,,,,,,,,,,,,,,,,,,,,1,0.0,0.0,0.0,0.0,0.0,1,0.0,0.0,0.0,0.0,0.0,0,,,,,,1,0.0,0.0,0.0,0.0,0.0,1,1,1,,,,,,,,,,,,,,,,,,,,,,,,,,,,,
2026-03-22T07:35:36Z,test_cases/pglib_opf_case13659_pegase.mat,pglib_opf_case13659_pegase,oracle_ac_primal_dual__Pg_Vm_Va,oracle_ac_primal_dual,full,ac_true,1,0,Pg+Vm+Va,3,,,maxIterations,warning,0,68690.98797880701,,,,0.38318586349487305,4.807554006576538,185.44692087173462,190.25447487831116,190.25447487831116,190.63766074180603,acopf_acdc_paper_study/cases/pglib_opf_case13659_pegase/logs/oracle_ac_primal_dual__Pg_Vm_Va.log,1,300,133.6676531906487,0.0065336451939790935,8.383237215525696e-08,1.23632840157281,133.6676531906487,174.069,,,174.069,False,100.0,13659,20467,4092,4092,5544,1,4091,9567,381431.85000000003,98523.40000000001,981300.0,225681.29,995580.0,-790500.0,20467,0,0,2,1,,,,,,,,,,,,,,,,,,,,,,,,,,,,1,0.0,0.0,0.0,0.0,0.0,0,,,,,,1,0.0,0.0,0.0,0.0,0.0,1,0.0,0.0,0.0,0.0,0.0,1,1,1,,,,,,,,,,,,,,,,,,,,,,,,,,,,,
2026-03-22T07:38:47Z,test_cases/pglib_opf_case13659_pegase.mat,pglib_opf_case13659_pegase,oracle_ac_primal_dual__Qg_Vm_Va,oracle_ac_primal_dual,full,ac_true,1,0,Qg+Vm+Va,3,,,maxIterations,warning,0,127139.34507248977,,,,0.38318586349487305,4.815781116485596,186.3717679977417,191.1875491142273,191.1875491142273,191.57073497772217,acopf_acdc_paper_study/cases/pglib_opf_case13659_pegase/logs/oracle_ac_primal_dual__Qg_Vm_Va.log,1,300,80.10464971825141,4.9672993111391355,1.0105407621807672e-08,444.2722235356575,444.2722235356575,174.929,,,174.929,False,100.0,13659,20467,4092,4092,5544,1,4091,9567,381431.85000000003,98523.40000000001,981300.0,225681.29,995580.0,-790500.0,20467,0,0,2,1,,,,,,,,,,,,,,,,,,,,,,,,,,,,0,,,,,,1,0.0,0.0,0.0,0.0,0.0,1,0.0,0.0,0.0,0.0,0.0,1,0.0,0.0,0.0,0.0,0.0,1,1,1,,,,,,,,,,,,,,,,,,,,,,,,,,,,,
2026-03-22T07:39:09Z,test_cases/pglib_opf_case13659_pegase.mat,pglib_opf_case13659_pegase,oracle_ac_primal_dual__Pg_Qg_Vm_Va,oracle_ac_primal_dual,full,ac_true,1,0,Pg+Qg+Vm+Va,4,,,optimal,ok,1,68689.06892899323,8879359.901650349,129.26889299755481,0,0.38318586349487305,4.790056228637695,17.135863780975342,21.925920009613037,21.925920009613037,22.30910587310791,acopf_acdc_paper_study/cases/pglib_opf_case13659_pegase/logs/oracle_ac_primal_dual__Pg_Qg_Vm_Va.log,0,5,2.8552192145954445e-07,6.682014621062216e-07,1.9269499063057083e-07,1.2381369735940295e-07,6.682014621062216e-07,5.803,,,5.803,False,100.0,13659,20467,4092,4092,5544,1,4091,9567,381431.85000000003,98523.40000000001,981300.0,225681.29,995580.0,-790500.0,20467,0,0,2,1,8948048.970580632,390302.8071877276,95693.76703610197,0.833739313870247,1.169648950861777,1.065515377304227,0.033676037560062745,-0.4339491729698969,1.2688386810504735,0.20393026242741125,0.30869636453457755,2798.7833491175656,2797.1720140020916,116.77049244035196,116.87662891116607,1.0000028882439151,1.0000055547626607,0.12480116560312017,0.12516997242837405,2.518270036944159e-07,6.635835916313226e-07,3381,608,264,117,8,1460,1,0.0,0.0,0.0,0.0,0.0,1,0.0,0.0,0.0,0.0,0.0,1,0.0,0.0,0.0,0.0,0.0,1,0.0,0.0,0.0,0.0,0.0,1,1,1,6.001478389316432e-05,4.904691762597224e-05,3.527347736468509e-08,4.5102810375396984e-15,4.904691762597224e-05,0.0009714257450126444,0.00036675390304041766,2.6197140483627967e-06,1.5408215260637181e-07,0.00036675390304041766,0.00019807883922113223,8.970204213920585e-05,1.769443208656057e-07,1.576279484716281e-08,8.970204213920585e-05,6.380788917806185e-05,8.372571850490118e-06,3.9205313209768884e-07,1.6567264049527353e-07,8.372571850490118e-06,,,,,,,,,
2026-03-22T07:42:16Z,test_cases/pglib_opf_case13659_pegase.mat,pglib_opf_case13659_pegase,oracle_ac_constraint_dual__Pg,oracle_ac_constraint_dual,constraint_only,ac_true,1,0,Pg,1,,,maxIterations,warning,0,68742.45988009329,,,,0.38318586349487305,4.61151909828186,182.3243749141693,186.93589401245117,186.93589401245117,187.31907987594604,acopf_acdc_paper_study/cases/pglib_opf_case13659_pegase/logs/oracle_ac_constraint_dual__Pg.log,1,300,3064.0484290996465,0.00038532521202588876,1.3037236357149595e-07,0.0015670707995972257,3064.0484290996465,171.081,,,171.081,True,100.0,13659,20467,4092,4092,5544,1,4091,9567,381431.85000000003,98523.40000000001,981300.0,225681.29,995580.0,-790500.0,20467,0,0,2,1,,,,,,,,,,,,,,,,,,,,,,,,,,,,1,0.0,0.0,0.0,0.0,0.0,0,,,,,,0,,,,,,0,,,,,,1,1,0,,,,,,,,,,,,,,,,,,,,,,,,,,,,,
2026-03-22T07:45:26Z,test_cases/pglib_opf_case13659_pegase.mat,pglib_opf_case13659_pegase,oracle_ac_constraint_dual__Qg,oracle_ac_constraint_dual,constraint_only,ac_true,1,0,Qg,1,,,maxIterations,warning,0,86128.26383359704,,,,0.38318586349487305,7.002258062362671,183.0237100124359,190.02596807479858,190.02596807479858,190.40915393829346,acopf_acdc_paper_study/cases/pglib_opf_case13659_pegase/logs/oracle_ac_constraint_dual__Qg.log,1,300,223.15346774603196,3.9534304758304604,9.955502866532129e-09,9201.42558680953,9201.42558680953,171.715,,,171.715,True,100.0,13659,20467,4092,4092,5544,1,4091,9567,381431.85000000003,98523.40000000001,981300.0,225681.29,995580.0,-790500.0,20467,0,0,2,1,,,,,,,,,,,,,,,,,,,,,,,,,,,,0,,,,,,1,0.0,0.0,0.0,0.0,0.0,0,,,,,,0,,,,,,1,1,0,,,,,,,,,,,,,,,,,,,,,,,,,,,,,
2026-03-22T07:48:35Z,test_cases/pglib_opf_case13659_pegase.mat,pglib_opf_case13659_pegase,oracle_ac_constraint_dual__Vm,oracle_ac_constraint_dual,constraint_only,ac_true,1,0,Vm,1,,,maxIterations,warning,0,109256.20273038579,,,,0.38318586349487305,4.602078914642334,184.15443015098572,188.75650906562805,188.75650906562805,189.13969492912292,acopf_acdc_paper_study/cases/pglib_opf_case13659_pegase/logs/oracle_ac_constraint_dual__Vm.log,1,300,1171.2917516153318,8.024441091531859,1.0890412349695566e-08,313.437481337878,1171.2917516153318,172.867,,,172.867,False,100.0,13659,20467,4092,4092,5544,1,4091,9567,381431.85000000003,98523.40000000001,981300.0,225681.29,995580.0,-790500.0,20467,0,0,2,1,,,,,,,,,,,,,,,,,,,,,,,,,,,,0,,,,,,0,,,,,,1,0.0,0.0,0.0,0.0,0.0,0,,,,,,1,1,0,,,,,,,,,,,,,,,,,,,,,,,,,,,,,
2026-03-22T07:51:47Z,test_cases/pglib_opf_case13659_pegase.mat,pglib_opf_case13659_pegase,oracle_ac_constraint_dual__Va,oracle_ac_constraint_dual,constraint_only,ac_true,1,0,Va,1,,,maxIterations,warning,0,76959.24166458935,,,,0.38318586349487305,7.032541036605835,185.26908493041992,192.30162596702576,192.30162596702576,192.68481183052063,acopf_acdc_paper_study/cases/pglib_opf_case13659_pegase/logs/oracle_ac_constraint_dual__Va.log,1,300,681508.8064682595,0.4490473143831673,2.097731899297628e-08,215.58372396689774,11359.448625259462,173.978,,,173.978,False,100.0,13659,20467,4092,4092,5544,1,4091,9567,381431.85000000003,98523.40000000001,981300.0,225681.29,995580.0,-790500.0,20467,0,0,2,1,,,,,,,,,,,,,,,,,,,,,,,,,,,,0,,,,,,0,,,,,,0,,,,,,1,0.0,0.0,0.0,0.0,0.0,1,1,0,,,,,,,,,,,,,,,,,,,,,,,,,,,,,
2026-03-22T07:54:53Z,test_cases/pglib_opf_case13659_pegase.mat,pglib_opf_case13659_pegase,oracle_ac_constraint_dual__Pg_Qg,oracle_ac_constraint_dual,constraint_only,ac_true,1,0,Pg+Qg,2,,,maxIterations,warning,0,69101.35329128802,,,,0.38318586349487305,4.576280117034912,181.22040700912476,185.79668712615967,185.79668712615967,186.17987298965454,acopf_acdc_paper_study/cases/pglib_opf_case13659_pegase/logs/oracle_ac_constraint_dual__Pg_Qg.log,1,300,52330.1265915578,0.004487006904116547,1.3632389084250462e-07,0.01682297315228074,52330.1265915578,169.96,,,169.96,True,100.0,13659,20467,4092,4092,5544,1,4091,9567,381431.85000000003,98523.40000000001,981300.0,225681.29,995580.0,-790500.0,20467,0,0,2,1,,,,,,,,,,,,,,,,,,,,,,,,,,,,1,0.0,0.0,0.0,0.0,0.0,1,0.0,0.0,0.0,0.0,0.0,0,,,,,,0,,,,,,1,1,0,,,,,,,,,,,,,,,,,,,,,,,,,,,,,
2026-03-22T07:58:03Z,test_cases/pglib_opf_case13659_pegase.mat,pglib_opf_case13659_pegase,oracle_ac_constraint_dual__Pg_Vm,oracle_ac_constraint_dual,constraint_only,ac_true,1,0,Pg+Vm,2,,,maxIterations,warning,0,69469.25924161635,,,,0.38318586349487305,7.0295960903167725,183.14021611213684,190.1698122024536,190.1698122024536,190.5529980659485,acopf_acdc_paper_study/cases/pglib_opf_case13659_pegase/logs/oracle_ac_constraint_dual__Pg_Vm.log,1,300,879.0739680793763,0.00022562152623860506,1.900527335507718e-08,0.002217002989549744,879.0739680793763,171.922,,,171.922,True,100.0,13659,20467,4092,4092,5544,1,4091,9567,381431.85000000003,98523.40000000001,981300.0,225681.29,995580.0,-790500.0,20467,0,0,2,1,,,,,,,,,,,,,,,,,,,,,,,,,,,,1,0.0,0.0,0.0,0.0,0.0,0,,,,,,1,0.0,0.0,0.0,0.0,0.0,0,,,,,,1,1,0,,,,,,,,,,,,,,,,,,,,,,,,,,,,,
2026-03-22T07:59:53Z,test_cases/pglib_opf_case13659_pegase.mat,pglib_opf_case13659_pegase,oracle_ac_constraint_dual__Pg_Va,oracle_ac_constraint_dual,constraint_only,ac_true,1,0,Pg+Va,2,,,optimal,ok,1,68689.0976348336,8879363.641128398,129.26894743821194,0,0.38318586349487305,4.58429479598999,105.37230706214905,109.95660185813904,109.95660185813904,110.33978772163391,acopf_acdc_paper_study/cases/pglib_opf_case13659_pegase/logs/oracle_ac_constraint_dual__Pg_Va.log,0,166,2.653741837839045e-10,6.866612471678746e-08,1.926949941832845e-07,6.99619939669186e-08,6.99619939669186e-08,94.069,,,94.069,True,100.0,13659,20467,4092,4092,5544,1,4091,9567,381431.85000000003,98523.40000000001,981300.0,225681.29,995580.0,-790500.0,20467,0,0,2,1,8948052.710058682,390302.98646442895,95690.74860529698,0.8337393137450828,1.1696489223252966,1.06552548212092,0.033681891719014055,-0.43395142871392745,1.268843764645887,0.2039343072273084,0.30869738642603634,2798.7833514814974,2797.1720161971966,116.76734463182854,116.87386266569295,1.0000028882837428,1.0000055547626578,0.12479881292788075,0.12516826852563687,2.5183380358839713e-07,6.855594989474412e-07,3381,608,260,117,8,1466,1,0.0,0.0,0.0,0.0,0.0,0,,,,,,0,,,,,,1,0.0,0.0,0.0,0.0,0.0,1,1,0,0.0006885181468184333,0.00043248806988260835,4.868430182484189e-07,4.884981308350689e-15,0.00043248806988260835,1.1777177097004488,1.0594829984853993,0.0005128980200863847,1.6912736912344517e-07,1.0594829984853993,0.05920007372126328,0.029214958362537624,1.0151017684642326e-05,1.1388932241729322e-08,0.029214958362537624,0.0028027982447894812,0.002397048794061274,6.152991438778136e-06,5.337761723400725e-06,0.002397048794061274,,,,,,,,,
2026-03-22T08:03:04Z,test_cases/pglib_opf_case13659_pegase.mat,pglib_opf_case13659_pegase,oracle_ac_constraint_dual__Qg_Vm,oracle_ac_constraint_dual,constraint_only,ac_true,1,0,Qg+Vm,2,,,maxIterations,warning,0,118855.95560052853,,,,0.38318586349487305,7.005922079086304,183.8320550918579,190.8379771709442,190.8379771709442,191.2211630344391,acopf_acdc_paper_study/cases/pglib_opf_case13659_pegase/logs/oracle_ac_constraint_dual__Qg_Vm.log,1,300,973.5416949945186,10.347773608671172,1.0883429490959884e-08,409.3638537256631,973.5416949945186,172.548,,,172.548,False,100.0,13659,20467,4092,4092,5544,1,4091,9567,381431.85000000003,98523.40000000001,981300.0,225681.29,995580.0,-790500.0,20467,0,0,2,1,,,,,,,,,,,,,,,,,,,,,,,,,,,,0,,,,,,1,0.0,0.0,0.0,0.0,0.0,1,0.0,0.0,0.0,0.0,0.0,0,,,,,,1,1,0,,,,,,,,,,,,,,,,,,,,,,,,,,,,,
2026-03-22T08:06:13Z,test_cases/pglib_opf_case13659_pegase.mat,pglib_opf_case13659_pegase,oracle_ac_constraint_dual__Qg_Va,oracle_ac_constraint_dual,constraint_only,ac_true,1,0,Qg+Va,2,,,maxIterations,warning,0,97336.11929624087,,,,0.38318586349487305,4.571670055389404,184.951101064682,189.5227711200714,189.5227711200714,189.90595698356628,acopf_acdc_paper_study/cases/pglib_opf_case13659_pegase/logs/oracle_ac_constraint_dual__Qg_Va.log,1,300,5146.4708943130445,3.311784838411759,2.0385503063380384e-08,204.46958309110852,2108.595456612424,173.622,,,173.622,False,100.0,13659,20467,4092,4092,5544,1,4091,9567,381431.85000000003,98523.40000000001,981300.0,225681.29,995580.0,-790500.0,20467,0,0,2,1,,,,,,,,,,,,,,,,,,,,,,,,,,,,0,,,,,,1,0.0,0.0,0.0,0.0,0.0,0,,,,,,1,0.0,0.0,0.0,0.0,0.0,1,1,0,,,,,,,,,,,,,,,,,,,,,,,,,,,,,
2026-03-22T08:09:25Z,test_cases/pglib_opf_case13659_pegase.mat,pglib_opf_case13659_pegase,oracle_ac_constraint_dual__Vm_Va,oracle_ac_constraint_dual,constraint_only,ac_true,1,0,Vm+Va,2,,,maxIterations,warning,0,103698.714781161,,,,0.38318586349487305,7.057104825973511,184.68888306617737,191.74598789215088,191.74598789215088,192.12917375564575,acopf_acdc_paper_study/cases/pglib_opf_case13659_pegase/logs/oracle_ac_constraint_dual__Vm_Va.log,1,300,134.12488128901248,3.2010644982787233,1.0996859645118207e-08,286.28394403520775,286.28394403520775,173.214,,,173.214,False,100.0,13659,20467,4092,4092,5544,1,4091,9567,381431.85000000003,98523.40000000001,981300.0,225681.29,995580.0,-790500.0,20467,0,0,2,1,,,,,,,,,,,,,,,,,,,,,,,,,,,,0,,,,,,0,,,,,,1,0.0,0.0,0.0,0.0,0.0,1,0.0,0.0,0.0,0.0,0.0,1,1,0,,,,,,,,,,,,,,,,,,,,,,,,,,,,,
2026-03-22T08:12:13Z,test_cases/pglib_opf_case13659_pegase.mat,pglib_opf_case13659_pegase,oracle_ac_constraint_dual__Pg_Qg_Vm,oracle_ac_constraint_dual,constraint_only,ac_true,1,0,Pg+Qg+Vm,3,,,maxIterations,warning,0,68647.46506536212,,,,0.38318586349487305,4.553378105163574,163.3739812374115,167.92735934257507,167.92735934257507,168.31054520606995,acopf_acdc_paper_study/cases/pglib_opf_case13659_pegase/logs/oracle_ac_constraint_dual__Pg_Qg_Vm.log,1,300,160.42800285974954,0.40742299186166275,1.307131540784212e-07,13.834971823439037,160.42800285974954,151.975,,,151.975,False,100.0,13659,20467,4092,4092,5544,1,4091,9567,381431.85000000003,98523.40000000001,981300.0,225681.29,995580.0,-790500.0,20467,0,0,2,1,,,,,,,,,,,,,,,,,,,,,,,,,,,,1,0.0,0.0,0.0,0.0,0.0,1,0.0,0.0,0.0,0.0,0.0,1,0.0,0.0,0.0,0.0,0.0,0,,,,,,1,1,0,,,,,,,,,,,,,,,,,,,,,,,,,,,,,
2026-03-22T08:15:25Z,test_cases/pglib_opf_case13659_pegase.mat,pglib_opf_case13659_pegase,oracle_ac_constraint_dual__Pg_Qg_Va,oracle_ac_constraint_dual,constraint_only,ac_true,1,0,Pg+Qg+Va,3,,,maxIterations,warning,0,69321.2346115994,,,,0.38318586349487305,7.016218185424805,184.49031114578247,191.50652933120728,191.50652933120728,191.88971519470215,acopf_acdc_paper_study/cases/pglib_opf_case13659_pegase/logs/oracle_ac_constraint_dual__Pg_Qg_Va.log,1,300,377.38094262113043,1.9666887048909145,6.599635327120268e-08,123.23443356929185,377.38094262113043,173.101,,,173.101,False,100.0,13659,20467,4092,4092,5544,1,4091,9567,381431.85000000003,98523.40000000001,981300.0,225681.29,995580.0,-790500.0,20467,0,0,2,1,,,,,,,,,,,,,,,,,,,,,,,,,,,,1,0.0,0.0,0.0,0.0,0.0,1,0.0,0.0,0.0,0.0,0.0,0,,,,,,1,0.0,0.0,0.0,0.0,0.0,1,1,0,,,,,,,,,,,,,,,,,,,,,,,,,,,,,
2026-03-22T08:18:33Z,test_cases/pglib_opf_case13659_pegase.mat,pglib_opf_case13659_pegase,oracle_ac_constraint_dual__Pg_Vm_Va,oracle_ac_constraint_dual,constraint_only,ac_true,1,0,Pg+Vm+Va,3,,,maxIterations,warning,0,68689.1153463491,,,,0.38318586349487305,4.826508045196533,183.94818305969238,188.77469110488892,188.77469110488892,189.1578769683838,acopf_acdc_paper_study/cases/pglib_opf_case13659_pegase/logs/oracle_ac_constraint_dual__Pg_Vm_Va.log,1,300,0.0004288799491523506,0.00033915099252527966,1.3068417814565692e-07,2.3794342444863095e-05,0.0004288799491523506,172.587,,,172.587,False,100.0,13659,20467,4092,4092,5544,1,4091,9567,381431.85000000003,98523.40000000001,981300.0,225681.29,995580.0,-790500.0,20467,0,0,2,1,,,,,,,,,,,,,,,,,,,,,,,,,,,,1,0.0,0.0,0.0,0.0,0.0,0,,,,,,1,0.0,0.0,0.0,0.0,0.0,1,0.0,0.0,0.0,0.0,0.0,1,1,0,,,,,,,,,,,,,,,,,,,,,,,,,,,,,
2026-03-22T08:21:42Z,test_cases/pglib_opf_case13659_pegase.mat,pglib_opf_case13659_pegase,oracle_ac_constraint_dual__Qg_Vm_Va,oracle_ac_constraint_dual,constraint_only,ac_true,1,0,Qg+Vm+Va,3,,,maxIterations,warning,0,112514.27424608699,,,,0.38318586349487305,4.637644052505493,183.67155194282532,188.3091959953308,188.3091959953308,188.69238185882568,acopf_acdc_paper_study/cases/pglib_opf_case13659_pegase/logs/oracle_ac_constraint_dual__Qg_Vm_Va.log,1,300,109.799844446292,3.937935969781576,1.0576207243317981e-08,352.2231613678899,352.2231613678899,172.381,,,172.381,False,100.0,13659,20467,4092,4092,5544,1,4091,9567,381431.85000000003,98523.40000000001,981300.0,225681.29,995580.0,-790500.0,20467,0,0,2,1,,,,,,,,,,,,,,,,,,,,,,,,,,,,0,,,,,,1,0.0,0.0,0.0,0.0,0.0,1,0.0,0.0,0.0,0.0,0.0,1,0.0,0.0,0.0,0.0,0.0,1,1,0,,,,,,,,,,,,,,,,,,,,,,,,,,,,,
2026-03-22T08:22:07Z,test_cases/pglib_opf_case13659_pegase.mat,pglib_opf_case13659_pegase,oracle_ac_constraint_dual__Pg_Qg_Vm_Va,oracle_ac_constraint_dual,constraint_only,ac_true,1,0,Pg+Qg+Vm+Va,4,,,optimal,ok,1,68689.0689289915,8879359.901650123,129.26889299755155,0,0.38318586349487305,7.041620969772339,18.378366947174072,25.41998791694641,25.41998791694641,25.803173780441284,acopf_acdc_paper_study/cases/pglib_opf_case13659_pegase/logs/oracle_ac_constraint_dual__Pg_Qg_Vm_Va.log,0,8,2.771779896050841e-07,6.59563858224077e-07,1.9269499063057083e-07,1.219659805095003e-07,6.59563858224077e-07,7.1,,,7.1,False,100.0,13659,20467,4092,4092,5544,1,4091,9567,381431.85000000003,98523.40000000001,981300.0,225681.29,995580.0,-790500.0,20467,0,0,2,1,8948048.970580406,390302.807225518,95693.76730822197,0.8337393138713154,1.1696489508458876,1.065515376196357,0.03367604851760363,-0.4339491776436847,1.2688386960735587,0.2039302601980749,0.3086963721685239,2798.783349091102,2797.1720139775152,116.77049260916309,116.87662908031913,1.0000028882438734,1.0000055547626558,0.12480116991500484,0.1251699755420336,2.5182693264014233e-07,6.63753226604058e-07,3381,608,264,117,8,1460,1,0.0,0.0,0.0,0.0,0.0,1,0.0,0.0,0.0,0.0,0.0,1,0.0,0.0,0.0,0.0,0.0,1,0.0,0.0,0.0,0.0,0.0,1,1,0,5.890059935462951e-05,4.821965499068881e-05,3.4180641986993775e-08,4.4651782271643015e-15,4.821965499068881e-05,0.0009473717981224767,0.00035150856454069235,2.5741546659317397e-06,1.4528720230361225e-07,0.00035150856454069235,0.00018199318331246268,7.73329370371556e-05,1.7223294139621382e-07,1.5425283939052292e-08,7.73329370371556e-05,6.203787023789714e-05,7.150434447378284e-06,3.7894822349892147e-07,1.603132198102486e-07,7.150434447378284e-06,,,,,,,,,
2026-03-22T08:25:10Z,test_cases/pglib_opf_case13659_pegase.mat,pglib_opf_case13659_pegase,oracle_ac_bounds_dual__Pg,oracle_ac_bounds_dual,bounds_only,ac_true,1,0,Pg,1,,,maxIterations,warning,0,80203.91711765893,,,,0.38318586349487305,4.529729127883911,178.2476930618286,182.77742218971252,182.77742218971252,183.1606080532074,acopf_acdc_paper_study/cases/pglib_opf_case13659_pegase/logs/oracle_ac_bounds_dual__Pg.log,1,300,686.4295177650088,0.014359594380763563,1.0842299058566596e-08,5.843624627791055,686.4295177650088,167.074,,,167.074,True,100.0,13659,20467,4092,4092,5544,1,4091,9567,381431.85000000003,98523.40000000001,981300.0,225681.29,995580.0,-790500.0,20467,0,0,2,1,,,,,,,,,,,,,,,,,,,,,,,,,,,,1,0.0,0.0,0.0,0.0,0.0,0,,,,,,0,,,,,,0,,,,,,0,0,1,,,,,,,,,,,,,,,,,,,,,,,,,,,,,
2026-03-22T08:28:05Z,test_cases/pglib_opf_case13659_pegase.mat,pglib_opf_case13659_pegase,oracle_ac_bounds_dual__Qg,oracle_ac_bounds_dual,bounds_only,ac_true,1,0,Qg,1,,,maxIterations,warning,0,103727.66066442459,,,,0.38318586349487305,6.688488006591797,168.4299168586731,175.1184048652649,175.1184048652649,175.50159072875977,acopf_acdc_paper_study/cases/pglib_opf_case13659_pegase/logs/oracle_ac_bounds_dual__Qg.log,1,300,87.14621580001405,12.407778076903245,1.0269269878904197e-08,3.0641208227374617,87.14621580001405,157.033,,,157.033,False,100.0,13659,20467,4092,4092,5544,1,4091,9567,381431.85000000003,98523.40000000001,981300.0,225681.29,995580.0,-790500.0,20467,0,0,2,1,,,,,,,,,,,,,,,,,,,,,,,,,,,,0,,,,,,1,0.0,0.0,0.0,0.0,0.0,0,,,,,,0,,,,,,0,0,1,,,,,,,,,,,,,,,,,,,,,,,,,,,,,
2026-03-22T08:31:13Z,test_cases/pglib_opf_case13659_pegase.mat,pglib_opf_case13659_pegase,oracle_ac_bounds_dual__Vm,oracle_ac_bounds_dual,bounds_only,ac_true,1,0,Vm,1,,,maxIterations,warning,0,105253.81932513244,,,,0.38318586349487305,6.969541311264038,180.41382694244385,187.38336825370789,187.38336825370789,187.76655411720276,acopf_acdc_paper_study/cases/pglib_opf_case13659_pegase/logs/oracle_ac_bounds_dual__Vm.log,1,300,127.3622399654833,10.642484367788128,9.776963072472e-09,2.8369091239026933,127.3622399654833,169.014,,,169.014,True,100.0,13659,20467,4092,4092,5544,1,4091,9567,381431.85000000003,98523.40000000001,981300.0,225681.29,995580.0,-790500.0,20467,0,0,2,1,,,,,,,,,,,,,,,,,,,,,,,,,,,,0,,,,,,0,,,,,,1,0.0,0.0,0.0,0.0,0.0,0,,,,,,0,0,1,,,,,,,,,,,,,,,,,,,,,,,,,,,,,
2026-03-22T08:34:11Z,test_cases/pglib_opf_case13659_pegase.mat,pglib_opf_case13659_pegase,oracle_ac_bounds_dual__Va,oracle_ac_bounds_dual,bounds_only,ac_true,1,0,Va,1,,,maxIterations,warning,0,103542.51614912828,,,,0.38318586349487305,4.592278003692627,174.26620817184448,178.8584861755371,178.8584861755371,179.24167203903198,acopf_acdc_paper_study/cases/pglib_opf_case13659_pegase/logs/oracle_ac_bounds_dual__Va.log,1,300,82.99185357049919,6.949403436346304,5.827706850425329e-08,2.611588333317623,82.99185357049919,162.945,,,162.945,False,100.0,13659,20467,4092,4092,5544,1,4091,9567,381431.85000000003,98523.40000000001,981300.0,225681.29,995580.0,-790500.0,20467,0,0,2,1,,,,,,,,,,,,,,,,,,,,,,,,,,,,0,,,,,,0,,,,,,0,,,,,,1,0.0,0.0,0.0,0.0,0.0,0,0,1,,,,,,,,,,,,,,,,,,,,,,,,,,,,,
2026-03-22T08:37:15Z,test_cases/pglib_opf_case13659_pegase.mat,pglib_opf_case13659_pegase,oracle_ac_bounds_dual__Pg_Qg,oracle_ac_bounds_dual,bounds_only,ac_true,1,0,Pg+Qg,2,,,maxIterations,warning,0,80349.50145798999,,,,0.38318586349487305,4.572844982147217,179.43338871002197,184.0062336921692,184.0062336921692,184.38941955566406,acopf_acdc_paper_study/cases/pglib_opf_case13659_pegase/logs/oracle_ac_bounds_dual__Pg_Qg.log,1,300,224.42036588521466,0.041423011543311225,1.0346718593012838e-08,29.964031255936238,224.42036588521466,168.147,,,168.147,True,100.0,13659,20467,4092,4092,5544,1,4091,9567,381431.85000000003,98523.40000000001,981300.0,225681.29,995580.0,-790500.0,20467,0,0,2,1,,,,,,,,,,,,,,,,,,,,,,,,,,,,1,0.0,0.0,0.0,0.0,0.0,1,0.0,0.0,0.0,0.0,0.0,0,,,,,,0,,,,,,0,0,1,,,,,,,,,,,,,,,,,,,,,,,,,,,,,
2026-03-22T08:40:11Z,test_cases/pglib_opf_case13659_pegase.mat,pglib_opf_case13659_pegase,oracle_ac_bounds_dual__Pg_Vm,oracle_ac_bounds_dual,bounds_only,ac_true,1,0,Pg+Vm,2,,,maxIterations,warning,0,68385.73851879328,,,,0.38318586349487305,4.59627103805542,171.00166296958923,175.59793400764465,175.59793400764465,175.98111987113953,acopf_acdc_paper_study/cases/pglib_opf_case13659_pegase/logs/oracle_ac_bounds_dual__Pg_Vm.log,1,300,84.40427937542518,1.3018975375582573,6.087973722368467e-09,0.15469798369827953,84.40427937542518,159.664,,,159.664,True,100.0,13659,20467,4092,4092,5544,1,4091,9567,381431.85000000003,98523.40000000001,981300.0,225681.29,995580.0,-790500.0,20467,0,0,2,1,,,,,,,,,,,,,,,,,,,,,,,,,,,,1,0.0,0.0,0.0,0.0,0.0,0,,,,,,1,0.0,0.0,0.0,0.0,0.0,0,,,,,,0,0,1,,,,,,,,,,,,,,,,,,,,,,,,,,,,,
2026-03-22T08:43:07Z,test_cases/pglib_opf_case13659_pegase.mat,pglib_opf_case13659_pegase,oracle_ac_bounds_dual__Pg_Va,oracle_ac_bounds_dual,bounds_only,ac_true,1,0,Pg+Va,2,,,maxIterations,warning,0,68643.73966604493,,,,0.38318586349487305,6.961142063140869,168.85684895515442,175.8179910182953,175.8179910182953,176.20117688179016,acopf_acdc_paper_study/cases/pglib_opf_case13659_pegase/logs/oracle_ac_bounds_dual__Pg_Va.log,1,300,53.12774776781686,0.7632441450534226,1.099982771535224e-08,0.04740244642555245,53.12774776781686,157.548,,,157.548,True,100.0,13659,20467,4092,4092,5544,1,4091,9567,381431.85000000003,98523.40000000001,981300.0,225681.29,995580.0,-790500.0,20467,0,0,2,1,,,,,,,,,,,,,,,,,,,,,,,,,,,,1,0.0,0.0,0.0,0.0,0.0,0,,,,,,0,,,,,,1,0.0,0.0,0.0,0.0,0.0,0,0,1,,,,,,,,,,,,,,,,,,,,,,,,,,,,,
2026-03-22T08:46:16Z,test_cases/pglib_opf_case13659_pegase.mat,pglib_opf_case13659_pegase,oracle_ac_bounds_dual__Qg_Vm,oracle_ac_bounds_dual,bounds_only,ac_true,1,0,Qg+Vm,2,,,maxIterations,warning,0,108609.64391652483,,,,0.38318586349487305,4.612168788909912,184.32911491394043,188.94128370285034,188.94128370285034,189.32446956634521,acopf_acdc_paper_study/cases/pglib_opf_case13659_pegase/logs/oracle_ac_bounds_dual__Qg_Vm.log,1,300,152.79590425678072,12.47389698252023,1.0872488331870045e-07,2.8964919137339113,152.79590425678072,173.027,,,173.027,False,100.0,13659,20467,4092,4092,5544,1,4091,9567,381431.85000000003,98523.40000000001,981300.0,225681.29,995580.0,-790500.0,20467,0,0,2,1,,,,,,,,,,,,,,,,,,,,,,,,,,,,0,,,,,,1,0.0,0.0,0.0,0.0,0.0,1,0.0,0.0,0.0,0.0,0.0,0,,,,,,0,0,1,,,,,,,,,,,,,,,,,,,,,,,,,,,,,
2026-03-22T08:49:13Z,test_cases/pglib_opf_case13659_pegase.mat,pglib_opf_case13659_pegase,oracle_ac_bounds_dual__Qg_Va,oracle_ac_bounds_dual,bounds_only,ac_true,1,0,Qg+Va,2,,,maxIterations,warning,0,106001.58694825532,,,,0.38318586349487305,4.671562910079956,172.08517575263977,176.75673866271973,176.75673866271973,177.1399245262146,acopf_acdc_paper_study/cases/pglib_opf_case13659_pegase/logs/oracle_ac_bounds_dual__Qg_Va.log,1,300,92.30082793209411,7.380400128376276,2.6873898661960993e-08,2.9322884854358127,92.30082793209411,160.777,,,160.777,False,100.0,13659,20467,4092,4092,5544,1,4091,9567,381431.85000000003,98523.40000000001,981300.0,225681.29,995580.0,-790500.0,20467,0,0,2,1,,,,,,,,,,,,,,,,,,,,,,,,,,,,0,,,,,,1,0.0,0.0,0.0,0.0,0.0,0,,,,,,1,0.0,0.0,0.0,0.0,0.0,0,0,1,,,,,,,,,,,,,,,,,,,,,,,,,,,,,
2026-03-22T08:52:17Z,test_cases/pglib_opf_case13659_pegase.mat,pglib_opf_case13659_pegase,oracle_ac_bounds_dual__Vm_Va,oracle_ac_bounds_dual,bounds_only,ac_true,1,0,Vm+Va,2,,,maxIterations,warning,0,118406.2423263402,,,,0.38318586349487305,4.66822075843811,180.10661005973816,184.77483081817627,184.77483081817627,185.15801668167114,acopf_acdc_paper_study/cases/pglib_opf_case13659_pegase/logs/oracle_ac_bounds_dual__Vm_Va.log,1,300,152.76538768561804,5.406456578720968,3.518075253339248e-08,2.838440128065371,152.76538768561804,168.888,,,168.888,False,100.0,13659,20467,4092,4092,5544,1,4091,9567,381431.85000000003,98523.40000000001,981300.0,225681.29,995580.0,-790500.0,20467,0,0,2,1,,,,,,,,,,,,,,,,,,,,,,,,,,,,0,,,,,,0,,,,,,1,0.0,0.0,0.0,0.0,0.0,1,0.0,0.0,0.0,0.0,0.0,0,0,1,,,,,,,,,,,,,,,,,,,,,,,,,,,,,
2026-03-22T08:55:33Z,test_cases/pglib_opf_case13659_pegase.mat,pglib_opf_case13659_pegase,oracle_ac_bounds_dual__Pg_Qg_Vm,oracle_ac_bounds_dual,bounds_only,ac_true,1,0,Pg+Qg+Vm,3,,,maxIterations,warning,0,68339.05982209556,,,,0.38318586349487305,4.670951843261719,191.12672519683838,195.7976770401001,195.7976770401001,196.18086290359497,acopf_acdc_paper_study/cases/pglib_opf_case13659_pegase/logs/oracle_ac_bounds_dual__Pg_Qg_Vm.log,1,300,149.48683767985096,11.233895123924782,1.0253953686145678e-08,2.361804677072096,149.48683767985096,179.879,,,179.879,False,100.0,13659,20467,4092,4092,5544,1,4091,9567,381431.85000000003,98523.40000000001,981300.0,225681.29,995580.0,-790500.0,20467,0,0,2,1,,,,,,,,,,,,,,,,,,,,,,,,,,,,1,0.0,0.0,0.0,0.0,0.0,1,0.0,0.0,0.0,0.0,0.0,1,0.0,0.0,0.0,0.0,0.0,0,,,,,,0,0,1,,,,,,,,,,,,,,,,,,,,,,,,,,,,,
2026-03-22T08:58:17Z,test_cases/pglib_opf_case13659_pegase.mat,pglib_opf_case13659_pegase,oracle_ac_bounds_dual__Pg_Qg_Va,oracle_ac_bounds_dual,bounds_only,ac_true,1,0,Pg+Qg+Va,3,,,maxIterations,warning,0,68642.3378599684,,,,0.38318586349487305,4.6996259689331055,158.99117374420166,163.69079971313477,163.69079971313477,164.07398557662964,acopf_acdc_paper_study/cases/pglib_opf_case13659_pegase/logs/oracle_ac_bounds_dual__Pg_Qg_Va.log,1,300,45.336849641419974,0.49668249243023466,1.0967028840624948e-08,0.03021265024131166,45.336849641419974,147.766,,,147.766,True,100.0,13659,20467,4092,4092,5544,1,4091,9567,381431.85000000003,98523.40000000001,981300.0,225681.29,995580.0,-790500.0,20467,0,0,2,1,,,,,,,,,,,,,,,,,,,,,,,,,,,,1,0.0,0.0,0.0,0.0,0.0,1,0.0,0.0,0.0,0.0,0.0,0,,,,,,1,0.0,0.0,0.0,0.0,0.0,0,0,1,,,,,,,,,,,,,,,,,,,,,,,,,,,,,
2026-03-22T09:00:36Z,test_cases/pglib_opf_case13659_pegase.mat,pglib_opf_case13659_pegase,oracle_ac_bounds_dual__Pg_Vm_Va,oracle_ac_bounds_dual,bounds_only,ac_true,1,0,Pg+Vm+Va,3,,,optimal,ok,1,68689.0689290002,8879359.901651254,129.268892997568,0,0.38318586349487305,4.750988006591797,134.31756591796875,139.06855392456055,139.06855392456055,139.45173978805542,acopf_acdc_paper_study/cases/pglib_opf_case13659_pegase/logs/oracle_ac_bounds_dual__Pg_Vm_Va.log,0,241,2.770029739135832e-07,6.682838753283016e-07,1.9269499063057083e-07,1.2188599508273208e-07,6.682838753283016e-07,123.052,,,123.052,False,100.0,13659,20467,4092,4092,5544,1,4091,9567,381431.85000000003,98523.40000000001,981300.0,225681.29,995580.0,-790500.0,20467,0,0,2,1,8948048.970581537,390302.80712987966,95693.76596243569,0.8337393138679756,1.1696489508714887,1.065515379452937,0.03367603888536671,-0.4339491686447174,1.2688386753456045,0.2039302742134065,0.3086963561041295,2798.7833491358356,2797.17201401905,116.77049248134061,116.87662895010021,1.0000028882438774,1.0000055547632523,0.12480116620782178,0.12516997303904687,2.518269042184329e-07,6.6281354804687e-07,3381,608,264,116,8,1460,1,0.0,0.0,0.0,0.0,0.0,0,,,,,,1,0.0,0.0,0.0,0.0,0.0,1,0.0,0.0,0.0,0.0,0.0,0,0,1,6.227949433110364e-05,5.080199679596831e-05,3.637057266821067e-08,4.551914400963142e-15,5.080199679596831e-05,0.0009409262507370576,0.0003514306160244951,2.567842380205428e-06,1.504792471254679e-07,0.0003514306160244951,0.00019559835660706376,8.96656561458764e-05,1.7419611307403366e-07,1.5398052388704286e-08,8.96656561458764e-05,6.621431860389592e-05,8.330525737731964e-06,4.085904418929551e-07,1.6860517504380113e-07,8.330525737731964e-06,,,,,,,,,
2026-03-22T09:03:43Z,test_cases/pglib_opf_case13659_pegase.mat,pglib_opf_case13659_pegase,oracle_ac_bounds_dual__Qg_Vm_Va,oracle_ac_bounds_dual,bounds_only,ac_true,1,0,Qg+Vm+Va,3,,,maxIterations,warning,0,123530.18662690013,,,,0.38318586349487305,4.785137176513672,181.74981498718262,186.5349521636963,186.5349521636963,186.91813802719116,acopf_acdc_paper_study/cases/pglib_opf_case13659_pegase/logs/oracle_ac_bounds_dual__Qg_Vm_Va.log,1,300,153.2580219371808,5.473201974916548,3.484265143072207e-08,2.8866975566613,153.2580219371808,170.369,,,170.369,False,100.0,13659,20467,4092,4092,5544,1,4091,9567,381431.85000000003,98523.40000000001,981300.0,225681.29,995580.0,-790500.0,20467,0,0,2,1,,,,,,,,,,,,,,,,,,,,,,,,,,,,0,,,,,,1,0.0,0.0,0.0,0.0,0.0,1,0.0,0.0,0.0,0.0,0.0,1,0.0,0.0,0.0,0.0,0.0,0,0,1,,,,,,,,,,,,,,,,,,,,,,,,,,,,,
2026-03-22T09:06:53Z,test_cases/pglib_opf_case13659_pegase.mat,pglib_opf_case13659_pegase,oracle_ac_bounds_dual__Pg_Qg_Vm_Va,oracle_ac_bounds_dual,bounds_only,ac_true,1,0,Pg+Qg+Vm+Va,4,,,maxIterations,warning,0,70539.65674913759,,,,0.38318586349487305,4.774646043777466,185.18403816223145,189.9586842060089,189.9586842060089,190.34187006950378,acopf_acdc_paper_study/cases/pglib_opf_case13659_pegase/logs/oracle_ac_bounds_dual__Pg_Qg_Vm_Va.log,1,300,44.79739945689978,0.0002643741345647044,2.989437675182671e-08,0.030060752431652682,44.79739945689978,173.791,,,173.791,True,100.0,13659,20467,4092,4092,5544,1,4091,9567,381431.85000000003,98523.40000000001,981300.0,225681.29,995580.0,-790500.0,20467,0,0,2,1,,,,,,,,,,,,,,,,,,,,,,,,,,,,1,0.0,0.0,0.0,0.0,0.0,1,0.0,0.0,0.0,0.0,0.0,1,0.0,0.0,0.0,0.0,0.0,1,0.0,0.0,0.0,0.0,0.0,0,0,1,,,,,,,,,,,,,,,,,,,,,,,,,,,,,
2026-03-22T09:09:23Z,test_cases/pglib_opf_case13659_pegase.mat,pglib_opf_case13659_pegase,oracle_ac_primal_dual_all_bounds__Pg,oracle_ac_primal_dual_all_bounds,full_all_bounds,ac_true,1,0,Pg,1,,,optimal,ok,1,68689.06892900041,8879359.901651284,129.26889299756843,0,0.38318586349487305,4.775928020477295,145.34384512901306,150.11977314949036,150.11977314949036,150.50295901298523,acopf_acdc_paper_study/cases/pglib_opf_case13659_pegase/logs/oracle_ac_primal_dual_all_bounds__Pg.log,0,239,2.769846657212416e-07,6.682533161203597e-07,1.9269499063057083e-07,1.2188537131778003e-07,6.682533161203597e-07,133.875,,,133.875,True,100.0,13659,20467,4092,4092,5544,1,4091,9567,381431.85000000003,98523.40000000001,981300.0,225681.29,995580.0,-790500.0,20467,0,0,2,1,8948048.970581567,390302.8071887577,95693.76697849623,0.8337393138703731,1.1696489508188617,1.0655153791222527,0.033676038950554744,-0.43394917388408416,1.26883867899774,0.2039302612351803,0.3086963644255037,2798.783349141259,2797.172014024091,116.7704926348484,116.8766291092334,1.0000028882438794,1.000005554762654,0.12480116649218566,0.1251699733727653,2.51795412964384e-07,6.63460824057438e-07,3381,608,264,117,8,1460,1,0.0,0.0,0.0,0.0,0.0,0,,,,,,0,,,,,,0,,,,,,1,1,1,5.988482950833731e-05,4.8878412910013935e-05,3.506509000187265e-08,4.5102810375396984e-15,4.8878412910013935e-05,0.0009409994039503494,0.00035142273066424146,2.5541607165020223e-06,1.5055802481123148e-07,0.00035142273066424146,0.0001955586985924295,8.966348531280754e-05,1.729477933158335e-07,1.550578154763116e-08,8.966348531280754e-05,6.373470590249014e-05,8.369045519207585e-06,3.924144859952958e-07,1.650530779828685e-07,8.369045519207585e-06,,,,,,,,,
2026-03-22T09:12:33Z,test_cases/pglib_opf_case13659_pegase.mat,pglib_opf_case13659_pegase,oracle_ac_primal_dual_all_bounds__Qg,oracle_ac_primal_dual_all_bounds,full_all_bounds,ac_true,1,0,Qg,1,,,maxIterations,warning,0,120029.3910753106,,,,0.38318586349487305,4.7296483516693115,185.39203119277954,190.12167954444885,190.12167954444885,190.50486540794373,acopf_acdc_paper_study/cases/pglib_opf_case13659_pegase/logs/oracle_ac_primal_dual_all_bounds__Qg.log,1,300,1406.2449985162093,9.695038922989948,2.031558699044922e-08,334.3613478536856,1406.2449985162093,173.965,,,173.965,False,100.0,13659,20467,4092,4092,5544,1,4091,9567,381431.85000000003,98523.40000000001,981300.0,225681.29,995580.0,-790500.0,20467,0,0,2,1,,,,,,,,,,,,,,,,,,,,,,,,,,,,0,,,,,,1,0.0,0.0,0.0,0.0,0.0,0,,,,,,0,,,,,,1,1,1,,,,,,,,,,,,,,,,,,,,,,,,,,,,,
2026-03-22T09:15:46Z,test_cases/pglib_opf_case13659_pegase.mat,pglib_opf_case13659_pegase,oracle_ac_primal_dual_all_bounds__Vm,oracle_ac_primal_dual_all_bounds,full_all_bounds,ac_true,1,0,Vm,1,,,maxIterations,warning,0,118404.14789531281,,,,0.38318586349487305,7.06554913520813,185.46820092201233,192.53375005722046,192.53375005722046,192.91693592071533,acopf_acdc_paper_study/cases/pglib_opf_case13659_pegase/logs/oracle_ac_primal_dual_all_bounds__Vm.log,1,300,807.4410885557073,8.610861279398453,1.0661002525225172e-08,341.4910661708112,807.4410885557073,174.015,,,174.015,False,100.0,13659,20467,4092,4092,5544,1,4091,9567,381431.85000000003,98523.40000000001,981300.0,225681.29,995580.0,-790500.0,20467,0,0,2,1,,,,,,,,,,,,,,,,,,,,,,,,,,,,0,,,,,,0,,,,,,1,0.0,0.0,0.0,0.0,0.0,0,,,,,,1,1,1,,,,,,,,,,,,,,,,,,,,,,,,,,,,,
2026-03-22T09:18:55Z,test_cases/pglib_opf_case13659_pegase.mat,pglib_opf_case13659_pegase,oracle_ac_primal_dual_all_bounds__Va,oracle_ac_primal_dual_all_bounds,full_all_bounds,ac_true,1,0,Va,1,,,maxIterations,warning,0,71238.11627342482,,,,0.38318586349487305,4.884387016296387,184.60631799697876,189.49070501327515,189.49070501327515,189.87389087677002,acopf_acdc_paper_study/cases/pglib_opf_case13659_pegase/logs/oracle_ac_primal_dual_all_bounds__Va.log,1,300,3473.026567408625,0.02092705536907157,1.0799805716388278e-08,1.1170502669153675,3473.026567408625,173.238,,,173.238,False,100.0,13659,20467,4092,4092,5544,1,4091,9567,381431.85000000003,98523.40000000001,981300.0,225681.29,995580.0,-790500.0,20467,0,0,2,1,,,,,,,,,,,,,,,,,,,,,,,,,,,,0,,,,,,0,,,,,,0,,,,,,1,0.0,0.0,0.0,0.0,0.0,1,1,1,,,,,,,,,,,,,,,,,,,,,,,,,,,,,
2026-03-22T09:22:00Z,test_cases/pglib_opf_case13659_pegase.mat,pglib_opf_case13659_pegase,oracle_ac_primal_dual_all_bounds__Pg_Qg,oracle_ac_primal_dual_all_bounds,full_all_bounds,ac_true,1,0,Pg+Qg,2,,,maxIterations,warning,0,68688.46355044536,,,,0.38318586349487305,4.938809156417847,179.93012499809265,184.8689341545105,184.8689341545105,185.25212001800537,acopf_acdc_paper_study/cases/pglib_opf_case13659_pegase/logs/oracle_ac_primal_dual_all_bounds__Pg_Qg.log,1,300,1155.6628176059603,0.003239415001226636,1.3007673160814193e-07,0.6469691924413116,1155.6628176059603,168.919,,,168.919,True,100.0,13659,20467,4092,4092,5544,1,4091,9567,381431.85000000003,98523.40000000001,981300.0,225681.29,995580.0,-790500.0,20467,0,0,2,1,,,,,,,,,,,,,,,,,,,,,,,,,,,,1,0.0,0.0,0.0,0.0,0.0,1,0.0,0.0,0.0,0.0,0.0,0,,,,,,0,,,,,,1,1,1,,,,,,,,,,,,,,,,,,,,,,,,,,,,,
2026-03-22T09:25:12Z,test_cases/pglib_opf_case13659_pegase.mat,pglib_opf_case13659_pegase,oracle_ac_primal_dual_all_bounds__Pg_Vm,oracle_ac_primal_dual_all_bounds,full_all_bounds,ac_true,1,0,Pg+Vm,2,,,maxIterations,warning,0,68369.57021235926,,,,0.38318586349487305,7.070035934448242,185.14253187179565,192.2125678062439,192.2125678062439,192.59575366973877,acopf_acdc_paper_study/cases/pglib_opf_case13659_pegase/logs/oracle_ac_primal_dual_all_bounds__Pg_Vm.log,1,300,16.404058365543513,1.8244185618458448,2.128748244345502e-08,1597.3386781397037,1597.3386781397037,173.7,,,173.7,True,100.0,13659,20467,4092,4092,5544,1,4091,9567,381431.85000000003,98523.40000000001,981300.0,225681.29,995580.0,-790500.0,20467,0,0,2,1,,,,,,,,,,,,,,,,,,,,,,,,,,,,1,0.0,0.0,0.0,0.0,0.0,0,,,,,,1,0.0,0.0,0.0,0.0,0.0,0,,,,,,1,1,1,,,,,,,,,,,,,,,,,,,,,,,,,,,,,
2026-03-22T09:27:56Z,test_cases/pglib_opf_case13659_pegase.mat,pglib_opf_case13659_pegase,oracle_ac_primal_dual_all_bounds__Pg_Va,oracle_ac_primal_dual_all_bounds,full_all_bounds,ac_true,1,0,Pg+Va,2,,,optimal,ok,1,68689.06892900089,8879359.901651343,129.2688929975693,0,0.38318586349487305,4.749963998794556,159.25234007835388,164.00230407714844,164.00230407714844,164.3854899406433,acopf_acdc_paper_study/cases/pglib_opf_case13659_pegase/logs/oracle_ac_primal_dual_all_bounds__Pg_Va.log,0,259,2.7700269020550996e-07,6.682844543581812e-07,1.9269499063057083e-07,1.2188599255306617e-07,6.682844543581812e-07,147.882,,,147.882,True,100.0,13659,20467,4092,4092,5544,1,4091,9567,381431.85000000003,98523.40000000001,981300.0,225681.29,995580.0,-790500.0,20467,0,0,2,1,8948048.970581627,390302.8072178528,95693.76735769662,0.8337393138716769,1.169648950786145,1.0655153790199599,0.03367603910479418,-0.43394917629589425,1.2688386811991896,0.2039302560868729,0.3086963686139514,2798.7833491466704,2797.172014029112,116.7704927304438,116.87662921181696,1.0000028882438756,1.000005554762655,0.12480116659654818,0.12516997349105216,2.518269539564244e-07,6.637861957869973e-07,3381,608,264,117,8,1460,1,0.0,0.0,0.0,0.0,0.0,0,,,,,,0,,,,,,1,0.0,0.0,0.0,0.0,0.0,1,1,1,5.877152020316651e-05,4.7956137713356384e-05,3.4534550769462365e-08,4.496403249731884e-15,4.7956137713356384e-05,0.0009406606041252624,0.0003514323242674311,2.552453519696232e-06,1.4993228445066287e-07,0.0003514323242674311,0.00019555362195746134,8.966567723156516e-05,1.727263475143908e-07,1.5484306947755044e-08,8.966567723156516e-05,6.264092754429382e-05,8.387213932870008e-06,3.849717279711773e-07,1.624061923832798e-07,8.387213932870008e-06,,,,,,,,,
2026-03-22T09:30:49Z,test_cases/pglib_opf_case13659_pegase.mat,pglib_opf_case13659_pegase,oracle_ac_primal_dual_all_bounds__Qg_Vm,oracle_ac_primal_dual_all_bounds,full_all_bounds,ac_true,1,0,Qg+Vm,2,,,maxIterations,warning,0,95418.72073093566,,,,0.38318586349487305,4.703531742095947,168.0932867527008,172.79681849479675,172.79681849479675,173.18000435829163,acopf_acdc_paper_study/cases/pglib_opf_case13659_pegase/logs/oracle_ac_primal_dual_all_bounds__Qg_Vm.log,1,300,459.8314935285786,4.9072142334614695,1.0972756703253594e-08,193.74260499261038,459.8314935285786,156.657,,,156.657,False,100.0,13659,20467,4092,4092,5544,1,4091,9567,381431.85000000003,98523.40000000001,981300.0,225681.29,995580.0,-790500.0,20467,0,0,2,1,,,,,,,,,,,,,,,,,,,,,,,,,,,,0,,,,,,1,0.0,0.0,0.0,0.0,0.0,1,0.0,0.0,0.0,0.0,0.0,0,,,,,,1,1,1,,,,,,,,,,,,,,,,,,,,,,,,,,,,,
2026-03-22T09:34:01Z,test_cases/pglib_opf_case13659_pegase.mat,pglib_opf_case13659_pegase,oracle_ac_primal_dual_all_bounds__Qg_Va,oracle_ac_primal_dual_all_bounds,full_all_bounds,ac_true,1,0,Qg+Va,2,,,maxIterations,warning,0,97120.61122410643,,,,0.38318586349487305,7.032738924026489,184.60665822029114,191.63939714431763,191.63939714431763,192.0225830078125,acopf_acdc_paper_study/cases/pglib_opf_case13659_pegase/logs/oracle_ac_primal_dual_all_bounds__Qg_Va.log,1,300,294.7205510334752,3.098270600109183,7.94842022755482e-09,190.5738036940984,294.7205510334752,173.206,,,173.206,False,100.0,13659,20467,4092,4092,5544,1,4091,9567,381431.85000000003,98523.40000000001,981300.0,225681.29,995580.0,-790500.0,20467,0,0,2,1,,,,,,,,,,,,,,,,,,,,,,,,,,,,0,,,,,,1,0.0,0.0,0.0,0.0,0.0,0,,,,,,1,0.0,0.0,0.0,0.0,0.0,1,1,1,,,,,,,,,,,,,,,,,,,,,,,,,,,,,
2026-03-22T09:37:13Z,test_cases/pglib_opf_case13659_pegase.mat,pglib_opf_case13659_pegase,oracle_ac_primal_dual_all_bounds__Vm_Va,oracle_ac_primal_dual_all_bounds,full_all_bounds,ac_true,1,0,Vm+Va,2,,,maxIterations,warning,0,68760.7825047661,,,,0.38318586349487305,4.810621976852417,187.24449110031128,192.0551130771637,192.0551130771637,192.43829894065857,acopf_acdc_paper_study/cases/pglib_opf_case13659_pegase/logs/oracle_ac_primal_dual_all_bounds__Vm_Va.log,1,300,185.3392736169335,0.005587259318535877,1.0831619823292726e-08,0.4994543058303295,185.3392736169335,175.776,,,175.776,False,100.0,13659,20467,4092,4092,5544,1,4091,9567,381431.85000000003,98523.40000000001,981300.0,225681.29,995580.0,-790500.0,20467,0,0,2,1,,,,,,,,,,,,,,,,,,,,,,,,,,,,0,,,,,,0,,,,,,1,0.0,0.0,0.0,0.0,0.0,1,0.0,0.0,0.0,0.0,0.0,1,1,1,,,,,,,,,,,,,,,,,,,,,,,,,,,,,
2026-03-22T09:40:07Z,test_cases/pglib_opf_case13659_pegase.mat,pglib_opf_case13659_pegase,oracle_ac_primal_dual_all_bounds__Pg_Qg_Vm,oracle_ac_primal_dual_all_bounds,full_all_bounds,ac_true,1,0,Pg+Qg+Vm,3,,,optimal,ok,1,68689.06892900089,8879359.901651347,129.26889299756934,0,0.38318586349487305,4.7991111278533936,169.63509821891785,174.43420934677124,174.43420934677124,174.8173952102661,acopf_acdc_paper_study/cases/pglib_opf_case13659_pegase/logs/oracle_ac_primal_dual_all_bounds__Pg_Qg_Vm.log,0,283,2.7699907436507955e-07,6.682840075836194e-07,1.9269499063057083e-07,1.2188599264136343e-07,6.682840075836194e-07,158.237,,,158.237,True,100.0,13659,20467,4092,4092,5544,1,4091,9567,381431.85000000003,98523.40000000001,981300.0,225681.29,995580.0,-790500.0,20467,0,0,2,1,8948048.97058163,390302.8072178781,95693.76740505983,0.8337393138716448,1.1696489507865566,1.0655153790224456,0.03367603911386392,-0.43394917629802277,1.2688386812045955,0.20393025609129772,0.3086963686195641,2798.783349146729,2797.1720140291695,116.77049273432914,116.8766292109802,1.0000028882438754,1.000005554762655,0.12480116660137036,0.1251699734892343,2.5182578866633776e-07,6.637861673652878e-07,3381,608,264,117,8,1460,1,0.0,0.0,0.0,0.0,0.0,1,0.0,0.0,0.0,0.0,0.0,1,0.0,0.0,0.0,0.0,0.0,0,,,,,,1,1,1,5.877010307618629e-05,4.795454542794175e-05,3.453370099998579e-08,4.496403249731884e-15,4.795454542794175e-05,0.0009406371314897419,0.00035143224694539343,2.5512439109512553e-06,1.49965178053435e-07,0.00035143224694539343,0.0001955534103335622,8.966578198676967e-05,1.7272679568082338e-07,1.5484353355077474e-08,8.966578198676967e-05,6.264137295391222e-05,8.387218522754036e-06,3.849722331690788e-07,1.6239668243489547e-07,8.387218522754036e-06,,,,,,,,,
2026-03-22T09:43:18Z,test_cases/pglib_opf_case13659_pegase.mat,pglib_opf_case13659_pegase,oracle_ac_primal_dual_all_bounds__Pg_Qg_Va,oracle_ac_primal_dual_all_bounds,full_all_bounds,ac_true,1,0,Pg+Qg+Va,3,,,maxIterations,warning,0,68712.71288840464,,,,0.38318586349487305,4.80025315284729,185.9683756828308,190.7686288356781,190.7686288356781,191.15181469917297,acopf_acdc_paper_study/cases/pglib_opf_case13659_pegase/logs/oracle_ac_primal_dual_all_bounds__Pg_Qg_Va.log,1,300,68.50233273132696,4.705241762475592,5.199225761032267e-08,292.0225875643282,292.0225875643282,174.681,,,174.681,False,100.0,13659,20467,4092,4092,5544,1,4091,9567,381431.85000000003,98523.40000000001,981300.0,225681.29,995580.0,-790500.0,20467,0,0,2,1,,,,,,,,,,,,,,,,,,,,,,,,,,,,1,0.0,0.0,0.0,0.0,0.0,1,0.0,0.0,0.0,0.0,0.0,0,,,,,,1,0.0,0.0,0.0,0.0,0.0,1,1,1,,,,,,,,,,,,,,,,,,,,,,,,,,,,,
2026-03-22T09:45:55Z,test_cases/pglib_opf_case13659_pegase.mat,pglib_opf_case13659_pegase,oracle_ac_primal_dual_all_bounds__Pg_Vm_Va,oracle_ac_primal_dual_all_bounds,full_all_bounds,ac_true,1,0,Pg+Vm+Va,3,,,optimal,ok,1,68689.11035244832,8879365.297837993,129.26897155718197,0,0.38318586349487305,4.72108793258667,151.5290732383728,156.25016117095947,156.25016117095947,156.63334703445435,acopf_acdc_paper_study/cases/pglib_opf_case13659_pegase/logs/oracle_ac_primal_dual_all_bounds__Pg_Vm_Va.log,0,240,2.77010133274173e-07,7.585826882622326e-07,1.9269499063057083e-07,1.2188493006812818e-07,7.585826882622326e-07,140.158,,,140.158,False,100.0,13659,20467,4092,4092,5544,1,4091,9567,381431.85000000003,98523.40000000001,981300.0,225681.29,995580.0,-790500.0,20467,0,0,2,1,8948054.366768276,390303.05769178405,95690.46676875408,0.8337393152219681,1.1696489027788022,1.0655266014910314,0.03368004998668587,-0.43395134413812175,1.2688437445382645,0.20393451734069068,0.3086977872190286,2798.783356119813,2797.1720205042097,116.76592180703399,116.87247411426911,1.000002888243962,1.000005554762667,0.12479152419153225,0.12516144745834554,2.518035628895632e-07,6.638024530047915e-07,3381,608,259,116,8,1459,1,0.0,0.0,0.0,0.0,0.0,0,,,,,,1,0.0,0.0,0.0,0.0,0.0,1,0.0,0.0,0.0,0.0,0.0,1,1,1,0.001167169833765896,0.0008054202372642649,8.734935152528143e-07,1.1823875212257917e-14,0.0008054202372642649,1.20146116604958,1.0594816199723596,0.0007065433200177865,6.33821937386092e-07,1.0594816199723596,0.0881313708832214,0.06336425547804625,2.3233410756513915e-05,3.8134186919336344e-08,0.06336425547804625,0.003892380058258781,0.002397285441019803,6.8797634992244345e-06,4.7650042364622e-06,0.002397285441019803,,,,,,,,,
2026-03-22T09:46:19Z,test_cases/pglib_opf_case13659_pegase.mat,pglib_opf_case13659_pegase,oracle_ac_primal_dual_all_bounds__Qg_Vm_Va,oracle_ac_primal_dual_all_bounds,full_all_bounds,ac_true,1,0,Qg+Vm+Va,3,,,optimal,ok,1,68689.06892900063,8879359.90165131,129.2688929975688,0,0.38318586349487305,7.0687360763549805,17.204380750656128,24.27311682701111,24.27311682701111,24.65630269050598,acopf_acdc_paper_study/cases/pglib_opf_case13659_pegase/logs/oracle_ac_primal_dual_all_bounds__Qg_Vm_Va.log,0,5,2.770854569301498e-07,6.684681767288314e-07,1.9269499063057083e-07,1.2193301179774762e-07,6.684681767288314e-07,5.839,,,5.839,False,100.0,13659,20467,4092,4092,5544,1,4091,9567,381431.85000000003,98523.40000000001,981300.0,225681.29,995580.0,-790500.0,20467,0,0,2,1,8948048.970581593,390302.80720909184,95693.76721593489,0.8337393138712992,1.1696489508062524,1.0655153790260086,0.03367603899718301,-0.43394917552780626,1.2688386805894012,0.20393025765323072,0.3086963673555014,2798.7833491452366,2797.1720140277757,116.77049269644003,116.87662917861029,1.0000028882438783,1.0000055547626554,0.1248011665331298,0.12516997343042344,2.518269752727065e-07,6.636911962232261e-07,3381,608,264,117,8,1460,0,,,,,,1,0.0,0.0,0.0,0.0,0.0,1,0.0,0.0,0.0,0.0,0.0,1,0.0,0.0,0.0,0.0,0.0,1,1,1,5.9111825990453413e-05,4.823941982579072e-05,3.47015399109716e-08,4.496403249731884e-15,4.823941982579072e-05,0.0009410093586985147,0.00035164120819425326,2.554417338123463e-06,1.4934042721209684e-07,0.00035164120819425326,0.00019563228020341608,8.969154509597121e-05,1.7287378705765056e-07,1.5489807214663642e-08,8.969154509597121e-05,6.297105632189717e-05,8.38453739937517e-06,3.871978903369103e-07,1.6321568713228984e-07,8.38453739937517e-06,,,,,,,,,
2026-03-22T09:46:42Z,test_cases/pglib_opf_case13659_pegase.mat,pglib_opf_case13659_pegase,oracle_ac_primal_dual_all_bounds__Pg_Qg_Vm_Va,oracle_ac_primal_dual_all_bounds,full_all_bounds,ac_true,1,0,Pg+Qg+Vm+Va,4,,,optimal,ok,1,68689.06892899323,8879359.901650349,129.26889299755481,0,0.38318586349487305,4.885612726211548,17.428184986114502,22.31379771232605,22.31379771232605,22.696983575820923,acopf_acdc_paper_study/cases/pglib_opf_case13659_pegase/logs/oracle_ac_primal_dual_all_bounds__Pg_Qg_Vm_Va.log,0,5,2.8552192145954445e-07,6.682014621062216e-07,1.9269499063057083e-07,1.2381369735940295e-07,6.682014621062216e-07,6.144,,,6.144,False,100.0,13659,20467,4092,4092,5544,1,4091,9567,381431.85000000003,98523.40000000001,981300.0,225681.29,995580.0,-790500.0,20467,0,0,2,1,8948048.970580632,390302.8071877276,95693.76703610197,0.833739313870247,1.169648950861777,1.065515377304227,0.033676037560062745,-0.4339491729698969,1.2688386810504735,0.20393026242741125,0.30869636453457755,2798.7833491175656,2797.1720140020916,116.77049244035196,116.87662891116607,1.0000028882439151,1.0000055547626607,0.12480116560312017,0.12516997242837405,2.518270036944159e-07,6.635835916313226e-07,3381,608,264,117,8,1460,1,0.0,0.0,0.0,0.0,0.0,1,0.0,0.0,0.0,0.0,0.0,1,0.0,0.0,0.0,0.0,0.0,1,0.0,0.0,0.0,0.0,0.0,1,1,1,6.001478389316432e-05,4.904691762597224e-05,3.527347736468509e-08,4.5102810375396984e-15,4.904691762597224e-05,0.0009714257450126444,0.00036675390304041766,2.6197140483627967e-06,1.5408215260637181e-07,0.00036675390304041766,0.00019807883922113223,8.970204213920585e-05,1.769443208656057e-07,1.576279484716281e-08,8.970204213920585e-05,6.380788917806185e-05,8.372571850490118e-06,3.9205313209768884e-07,1.6567264049527353e-07,8.372571850490118e-06,,,,,,,,,
2026-03-22T09:49:50Z,test_cases/pglib_opf_case13659_pegase.mat,pglib_opf_case13659_pegase,oracle_ac_dual_only_constraint__none,oracle_ac_dual_only_constraint,constraint_only,ac_true,1,0,,0,,,maxIterations,warning,0,82938.15248182083,,,,0.38318586349487305,4.783033847808838,183.70341086387634,188.48644471168518,188.48644471168518,188.86963057518005,acopf_acdc_paper_study/cases/pglib_opf_case13659_pegase/logs/oracle_ac_dual_only_constraint__none.log,1,300,481.74772536031645,1.7384342056537108,3.529330605545056e-08,6594.161924853743,6594.161924853743,172.452,,,172.452,True,100.0,13659,20467,4092,4092,5544,1,4091,9567,381431.85000000003,98523.40000000001,981300.0,225681.29,995580.0,-790500.0,20467,0,0,2,1,,,,,,,,,,,,,,,,,,,,,,,,,,,,0,,,,,,0,,,,,,0,,,,,,0,,,,,,1,1,0,,,,,,,,,,,,,,,,,,,,,,,,,,,,,
2026-03-22T09:52:54Z,test_cases/pglib_opf_case13659_pegase.mat,pglib_opf_case13659_pegase,oracle_ac_dual_only_bounds__none,oracle_ac_dual_only_bounds,all_bounds_only,ac_true,1,0,,0,,,maxIterations,warning,0,118173.92361528093,,,,0.38318586349487305,4.534255027770996,179.74110198020935,184.27535700798035,184.27535700798035,184.65854287147522,acopf_acdc_paper_study/cases/pglib_opf_case13659_pegase/logs/oracle_ac_dual_only_bounds__none.log,1,300,13310.362791778924,8.969090866866134,1.9624984748389807e-08,309.00125491420096,13310.362791778924,168.42,,,168.42,False,100.0,13659,20467,4092,4092,5544,1,4091,9567,381431.85000000003,98523.40000000001,981300.0,225681.29,995580.0,-790500.0,20467,0,0,2,1,,,,,,,,,,,,,,,,,,,,,,,,,,,,0,,,,,,0,,,,,,0,,,,,,0,,,,,,0,0,1,,,,,,,,,,,,,,,,,,,,,,,,,,,,,
2026-03-22T09:56:09Z,test_cases/pglib_opf_case13659_pegase.mat,pglib_opf_case13659_pegase,oracle_ac_dual_only_full__none,oracle_ac_dual_only_full,full_all_bounds,ac_true,1,0,,0,,,maxIterations,warning,0,103193.74351623042,,,,0.38318586349487305,6.9862871170043945,187.4504656791687,194.4367527961731,194.4367527961731,194.81993865966797,acopf_acdc_paper_study/cases/pglib_opf_case13659_pegase/logs/oracle_ac_dual_only_full__none.log,1,300,7653639.436851739,3.8862172072524306,4.9994863360325326e-08,9988.475534510488,8715.177470548924,175.947,,,175.947,False,100.0,13659,20467,4092,4092,5544,1,4091,9567,381431.85000000003,98523.40000000001,981300.0,225681.29,995580.0,-790500.0,20467,0,0,2,1,,,,,,,,,,,,,,,,,,,,,,,,,,,,0,,,,,,0,,,,,,0,,,,,,0,,,,,,1,1,1,,,,,,,,,,,,,,,,,,,,,,,,,,,,,
2026-03-22T09:57:01Z,test_cases/pglib_opf_case13659_pegase.mat,pglib_opf_case13659_pegase,dc_seed__Pg,dc_seed,none,dcopf,0,1,Pg,1,,,optimal,ok,1,68689.06893028236,8879359.901818288,129.26889299999974,0,0.38318586349487305,3.4854462146759033,43.77704119682312,47.26248741149902,52.16959547996521,52.55278134346008,acopf_acdc_paper_study/cases/pglib_opf_case13659_pegase/logs/dc_seed__Pg.log,0,62,7.036064495535423e-08,7.190044215565905e-08,1.926949941832845e-07,9.076851612817338e-08,9.076851612817338e-08,32.63,,,32.63,False,100.0,13659,20467,4092,4092,5544,1,4091,9567,381431.85000000003,98523.40000000001,981300.0,225681.29,995580.0,-790500.0,20467,0,0,2,1,8948048.970748572,390302.8086639007,95693.78877944264,0.8337393140192081,1.1696489213732946,1.0655154098357293,0.03367619532094215,-0.4339492800140218,1.268838756135184,0.20392997530647602,0.3086965757206362,2798.7833445409806,2797.1720097524035,116.77050663006142,116.87664349331786,1.0000028882837182,1.0000055547626823,0.12480123786845441,0.12517003679341354,2.5183413754348294e-07,6.819745408392919e-07,3381,608,264,117,8,1462,1,26.270232686175163,9.726636930450017,0.044787026366647,8.013597174727494e-09,9.726636930450017,0,,,,,,0,,,,,,0,,,,,,0,0,0,6.962629918198139e-11,4.645972495609385e-11,5.444330260051457e-14,0.0,4.645972495609385e-11,3.4553855652377292e-09,2.165929186004334e-09,3.905785278691579e-12,3.5416114485542494e-14,2.165929186004334e-09,1.692488755579572e-10,1.040689756592883e-10,9.240119061901445e-14,5.773159728050814e-15,1.040689756592883e-10,4.3245653286882364e-11,1.4444556661885599e-11,2.4851355585078953e-13,1.837419105754634e-13,1.4444556661885599e-11,native_only,ipopt,nlp,optimal,ok,1.6460521221160889,3.2610559463500977,4.9071080684661865,8781010.979884269
2026-03-22T09:57:48Z,test_cases/pglib_opf_case13659_pegase.mat,pglib_opf_case13659_pegase,dc_seed__Va,dc_seed,none,dcopf,0,1,Va,1,,,optimal,ok,1,68689.06893028262,8879359.901818313,129.2688930000001,0,0.38318586349487305,4.527515888214111,42.22850298881531,46.75601887702942,51.663126945495605,52.04631280899048,acopf_acdc_paper_study/cases/pglib_opf_case13659_pegase/logs/dc_seed__Va.log,0,61,7.12790322620862e-08,7.119540590405649e-08,1.926949941832845e-07,9.115722194881697e-08,9.115722194881697e-08,31.118,,,31.118,False,100.0,13659,20467,4092,4092,5544,1,4091,9567,381431.85000000003,98523.40000000001,981300.0,225681.29,995580.0,-790500.0,20467,0,0,2,1,8948048.970748596,390302.8086517319,95693.7887047106,0.8337393140186213,1.169648921416385,1.0655154082070264,0.03367620148371639,-0.43394927883638096,1.2688387555365674,0.20392997781542874,0.3086965740011211,2798.7833445207207,2797.172009733591,116.77050651726624,116.87664337640726,1.0000028882837178,1.0000055547626798,0.12480123997667113,0.1251700381519971,2.5183410201634615e-07,6.819063855800778e-07,3381,608,264,117,8,1462,0,,,,,,0,,,,,,0,,,,,,1,35.48734551782249,0.6894079240429147,0.2667493736560206,0.31527596325085844,0.6894079240429147,0,0,0,4.949953093276658e-07,4.1165947095578304e-07,2.9192184986813566e-10,0.0,4.1165947095578304e-07,1.3770957738458417e-05,7.36615631539983e-06,2.6396075344073744e-08,8.593502021092547e-10,7.36615631539983e-06,1.4651932277879823e-05,7.687833302405522e-06,3.3341964412658454e-09,7.00774993589448e-11,7.687833302405522e-06,1.5432334764824503e-06,7.811675316604649e-07,3.3166728088945147e-09,1.2918817682283645e-09,7.811675316604649e-07,native_only,ipopt,nlp,optimal,ok,1.6460521221160889,3.2610559463500977,4.9071080684661865,8781010.979884269
2026-03-22T09:58:33Z,test_cases/pglib_opf_case13659_pegase.mat,pglib_opf_case13659_pegase,dc_seed__Pg_Va,dc_seed,none,dcopf,0,1,Pg+Va,2,,,optimal,ok,1,68689.06893028253,8879359.901818303,129.26889299999996,0,0.38318586349487305,6.993943929672241,37.47613191604614,44.470075845718384,49.37718391418457,49.76036977767944,acopf_acdc_paper_study/cases/pglib_opf_case13659_pegase/logs/dc_seed__Pg_Va.log,0,52,7.127837215823037e-08,7.119541001188168e-08,1.926949941832845e-07,9.115722311562218e-08,9.115722311562218e-08,26.701,,,26.701,False,100.0,13659,20467,4092,4092,5544,1,4091,9567,381431.85000000003,98523.40000000001,981300.0,225681.29,995580.0,-790500.0,20467,0,0,2,1,8948048.970748587,390302.80865173106,95693.78870471593,0.8337393140185833,1.1696489214163988,1.0655154082070262,0.03367620148370507,-0.43394927883631484,1.2688387555363008,0.2039299778152644,0.3086965740010325,2798.783344520797,2797.172009733667,116.77050651726353,116.87664337640315,1.0000028882837182,1.0000055547626794,0.12480123997666372,0.1251700381519885,2.518341233326282e-07,6.8190627189324e-07,3381,608,264,117,8,1462,1,26.270232686175163,9.726636930450017,0.044787026366647,8.013597174727494e-09,9.726636930450017,0,,,,,,0,,,,,,1,35.48734551782249,0.6894079240429147,0.2667493736560206,0.31527596325085844,0.6894079240429147,0,0,0,4.950082003754857e-07,4.1166831366012957e-07,2.919442599213395e-10,0.0,4.1166831366012957e-07,1.3770898661278829e-05,7.366142158474198e-06,2.6394975670911512e-08,8.593666611655948e-10,7.366142158474198e-06,1.4651898535754911e-05,7.687814933654558e-06,3.3341710437457364e-09,7.012657121663324e-11,7.687814933654558e-06,1.5432312298980093e-06,7.81165774177417e-07,3.31682989477933e-09,1.2921678727018104e-09,7.81165774177417e-07,native_only,ipopt,nlp,optimal,ok,1.6460521221160889,3.2610559463500977,4.9071080684661865,8781010.979884269
