family,FamilyShort,Combination,blocks,blocks_display,Cases,OK,MedSolve,MedIter,MedE2E,MedSpd,"10,000",118,14,14K,1K,200,2K,"3,022","30,000",300,39,4K,5,"5,658",500,57,6K,"7,336","8,387",family_order,combo_order
baseline,Baseline,---,,,19,18,3.8258038759231567,39.0,4.0050013065338135,0.0,30.326/0/79,0.174/0/23,0.036/0/14,45.014/0/66,2.719/0/38,0.237/0/24,4.932/0/43,8.975/0/53,165.383/0/188,0.489/0/31,0.061/0/26,15.534/0/57,0.023/0/20,14.982/0/40,0.852/0/33,0.095/0/14,45.822/0/149,16.312/0/41,\textbf{F},0,"(0, (), '')"
oracle_ac_primal_only,O-PO,$V_a$,Va,Va,18,18,4.544908761978149,38.5,5.124436736106873,7.098609937575593,26.693/12/65,0.336/-93/32,0.033/9/15,161.675/-259/264,2.485/9/33,0.234/1/22,6.605/-34/61,8.384/7/50,111.568/33/111,0.398/19/25,0.062/-2/30,15.317/1/56,0.021/8/15,13.341/11/37,1.315/-54/60,0.073/24/14,35.976/21/137,16.530/-1/40,,1,"(1, (0,), 'Va')"
oracle_ac_primal_only,O-PO,$V_m$,Vm,Vm,18,17,2.81997013092041,40.0,3.7780990600585938,-0.78495152962762,\textbf{F},1.121/-544/23,0.034/3/14,126.866/-182/187,2.820/-4/40,0.233/2/22,4.711/4/40,13.944/-55/112,204.837/-24/212,0.558/-14/51,0.063/-4/27,15.072/3/55,0.022/5/20,14.196/5/36,0.859/-1/33,0.070/27/11,37.294/19/120,16.586/-2/40,,1,"(1, (1,), 'Vm')"
oracle_ac_primal_only,O-PO,$P_g$,Pg,Pg,18,18,4.369385004043579,37.0,4.94210410118103,4.893036490803171,29.012/4/77,0.371/-113/21,0.031/13/14,41.202/8/60,3.139/-15/42,0.220/7/19,5.600/-14/53,8.196/9/54,175.244/-6/190,0.460/6/31,0.055/10/23,9.810/37/36,0.022/5/18,14.491/3/38,0.827/3/31,0.068/29/11,50.481/-10/208,15.609/4/39,,1,"(1, (2,), 'Pg')"
oracle_ac_primal_only,O-PO,$Q_g$,Qg,Qg,18,18,4.3064044713974,39.5,5.259640574455261,1.0292378740557393,31.480/-4/82,0.412/-136/24,0.030/16/14,717.549/-1494/262,3.724/-37/39,0.236/1/23,4.889/1/44,7.219/20/54,148.672/10/166,0.425/13/29,0.062/-2/32,13.627/12/57,0.020/14/20,14.394/4/40,0.852/0/33,0.085/11/14,73.242/-60/276,16.119/1/41,,1,"(1, (3,), 'Qg')"
oracle_ac_primal_only,O-PO,$V_a{+}V_m$,Vm+Va,Va+Vm,18,18,4.637997031211853,36.5,5.223460912704468,5.574832140385574,27.230/10/62,0.186/-7/27,0.034/5/13,42.269/6/61,4.068/-50/36,0.235/1/20,5.208/-6/44,6.764/25/50,100.819/39/104,0.405/17/25,0.063/-4/29,13.267/15/55,0.019/16/14,14.963/0/37,1.776/-108/36,0.075/21/13,15.574/66/47,15.792/3/37,,1,"(2, (0, 1), 'Va+Vm')"
oracle_ac_primal_only,O-PO,$V_a{+}P_g$,Pg+Va,Va+Pg,18,18,4.28176212310791,32.5,4.881070137023926,9.742370897526776,56.554/-86/144,0.194/-12/26,0.029/19/13,35.492/21/48,2.679/1/36,0.215/9/16,5.884/-19/52,8.074/10/43,118.955/28/121,0.392/20/25,0.069/-14/29,9.274/40/31,0.021/7/15,11.639/22/32,1.003/-18/39,0.072/24/14,33.451/27/120,14.771/9/33,,1,"(2, (0, 2), 'Va+Pg')"
oracle_ac_primal_only,O-PO,$V_a{+}Q_g$,Qg+Va,Va+Qg,18,18,4.560819506645203,38.5,5.132477164268494,8.137210873642838,27.305/10/63,0.193/-11/27,0.028/20/14,143.383/-219/239,2.544/6/33,0.241/-2/23,6.578/-33/61,8.093/10/49,117.216/29/119,0.407/17/25,0.059/3/26,13.956/10/55,0.017/25/14,12.623/16/37,2.129/-150/60,0.079/17/13,57.152/-25/224,16.544/-1/40,,1,"(2, (0, 3), 'Va+Qg')"
oracle_ac_primal_only,O-PO,$V_m{+}P_g$,Pg+Vm,Vm+Pg,18,18,4.441399335861206,33.5,4.75430428981781,5.746179656373651,61.833/-104/169,0.200/-15/22,0.034/4/15,42.100/6/60,4.493/-65/41,0.223/6/19,4.390/11/36,11.333/-26/83,176.229/-7/186,0.461/6/28,0.057/6/27,9.460/39/33,0.018/22/18,12.201/19/34,0.800/6/29,0.071/26/11,71.894/-57/239,15.832/3/37,,1,"(2, (1, 2), 'Vm+Pg')"
oracle_ac_primal_only,O-PO,$V_m{+}Q_g$,Qg+Vm,Vm+Qg,18,16,1.8372430801391602,37.0,1.9745681285858154,2.946945914377723,\textbf{F},0.190/-9/23,0.029/17/15,\textbf{F},2.785/-2/40,0.237/0/23,4.521/8/38,8.495/5/73,130.996/21/137,0.544/-11/46,0.062/-2/27,15.075/3/55,0.021/7/19,12.649/16/36,0.890/-4/35,0.070/27/12,44.475/3/144,16.609/-2/40,,1,"(2, (1, 3), 'Vm+Qg')"
oracle_ac_primal_only,O-PO,$P_g{+}Q_g$,Pg+Qg,Pg+Qg,18,17,2.948427200317383,36.0,3.3336362838745117,6.612905197483562,29.719/2/78,0.280/-61/22,0.028/21/15,42.037/7/61,2.948/-8/42,0.233/2/19,5.110/-4/46,6.690/25/54,220.825/-34/246,0.443/9/30,0.056/7/23,11.518/26/36,0.023/-1/18,12.408/17/37,0.825/3/31,0.081/15/13,\textbf{F},15.096/7/37,,1,"(2, (2, 3), 'Pg+Qg')"
oracle_ac_primal_only,O-PO,$V_a{+}V_m{+}P_g$,Pg+Vm+Va,Va+Vm+Pg,18,18,3.57151460647583,30.0,4.165328025817871,13.99962684111561,23.929/21/50,0.172/1/22,0.030/15/13,36.539/19/49,2.439/10/31,0.205/13/16,4.704/5/37,5.839/35/43,119.943/27/122,0.386/21/22,0.049/19/18,10.705/31/30,0.022/5/13,13.742/8/32,0.815/4/28,0.316/-232/10,13.525/70/32,14.135/13/30,,1,"(3, (0, 1, 2), 'Va+Vm+Pg')"
oracle_ac_primal_only,O-PO,$V_a{+}V_m{+}Q_g$,Qg+Vm+Va,Va+Vm+Qg,18,18,3.8061126470565796,36.5,4.285700082778931,3.895391017653118,28.013/8/64,0.192/-10/28,0.031/14/13,43.072/4/62,2.625/3/36,0.224/6/20,4.988/-1/40,8.096/10/50,100.282/39/103,0.412/16/21,0.060/1/28,15.641/-1/55,0.018/20/13,14.962/0/37,0.908/-6/34,0.185/-95/13,17.127/63/50,15.950/2/37,,1,"(3, (0, 1, 3), 'Va+Vm+Qg')"
oracle_ac_primal_only,O-PO,$V_a{+}P_g{+}Q_g$,Pg+Qg+Va,Va+Pg+Qg,18,18,4.151387095451355,32.0,4.625959157943726,4.876656328445389,61.225/-102/154,0.189/-8/26,0.037/-3/14,34.949/22/47,2.587/5/35,0.225/5/17,5.715/-16/50,7.511/16/43,120.029/27/122,0.382/22/24,0.058/5/24,10.525/32/30,0.022/3/15,13.766/8/32,1.133/-33/48,0.112/-17/14,58.941/-29/244,14.661/10/32,,1,"(3, (0, 2, 3), 'Va+Pg+Qg')"
oracle_ac_primal_only,O-PO,$V_m{+}P_g{+}Q_g$,Pg+Qg+Vm,Vm+Pg+Qg,18,18,3.734901547431946,33.5,4.392609596252441,5.724391103315792,37.202/-23/93,0.174/0/21,0.034/4/15,41.575/8/59,3.013/-11/42,0.219/8/19,4.457/10/37,8.785/2/75,142.885/14/153,0.411/16/27,0.059/4/27,9.545/39/33,0.019/16/19,13.316/11/34,0.925/-9/27,0.078/18/11,55.425/-21/219,15.717/4/36,,1,"(3, (1, 2, 3), 'Vm+Pg+Qg')"
oracle_ac_primal_only,O-PO,$V_a{+}V_m{+}P_g{+}Q_g$,Pg+Qg+Vm+Va,Va+Vm+Pg+Qg,18,18,3.871829628944397,29.5,4.445327639579773,14.283358685248668,23.843/21/50,0.160/8/18,0.029/18/13,35.682/21/47,3.666/-35/31,0.205/14/15,4.078/17/30,5.861/35/44,118.407/28/120,0.428/12/15,0.054/12/17,10.865/30/30,0.020/13/13,13.404/11/30,0.804/6/27,0.290/-205/11,11.728/74/33,13.903/15/29,,1,"(4, (0, 1, 2, 3), 'Va+Vm+Pg+Qg')"
oracle_ac_primal_dual,O-PD,$V_a$,Va,Va,18,12,1.29820716381073,116.0,1.3356151580810547,-60.5870231810493,\textbf{F},0.270/-55/63,0.035/1/19,\textbf{F},10.583/-289/224,0.296/-25/37,13.946/-183/152,\textbf{F},\textbf{F},2.300/-371/242,0.101/-66/80,\textbf{F},0.018/22/14,65.265/-336/268,2.883/-238/187,0.107/-12/22,60.007/-31/254,\textbf{F},,2,"(1, (0,), 'Va')"
oracle_ac_primal_dual,O-PD,$V_m$,Vm,Vm,18,10,0.2701455354690552,54.0,0.37975013256073,-93.92498961431188,\textbf{F},0.252/-45/53,0.032/10/10,\textbf{F},\textbf{F},0.289/-22/38,12.001/-143/133,\textbf{F},\textbf{F},4.080/-735/286,0.078/-29/49,\textbf{F},0.026/-15/39,59.273/-296/249,4.616/-442/185,0.249/-161/55,\textbf{F},\textbf{F},,2,"(1, (1,), 'Vm')"
oracle_ac_primal_dual,O-PD,$P_g$,Pg,Pg,18,13,1.2595062255859375,58.0,1.360978126525879,-173.10435602125122,\textbf{F},0.232/-33/45,0.031/13/16,122.935/-173/200,9.109/-235/179,0.216/9/16,16.890/-242/195,\textbf{F},\textbf{F},1.762/-261/226,0.080/-31/56,53.503/-244/180,0.022/2/23,\textbf{F},1.260/-48/58,0.379/-298/44,\textbf{F},52.879/-224/169,,2,"(1, (2,), 'Pg')"
oracle_ac_primal_dual,O-PD,$Q_g$,Qg,Qg,18,10,0.3008514642715454,60.5,0.3274350166320801,-49.5221805047036,\textbf{F},0.298/-71/72,0.039/-9/32,\textbf{F},15.650/-476/268,0.304/-28/40,15.495/-214/190,\textbf{F},\textbf{F},1.455/-198/187,0.072/-19/49,\textbf{F},0.024/-4/34,63.332/-323/251,\textbf{F},0.112/-18/25,\textbf{F},\textbf{F},,2,"(1, (3,), 'Qg')"
oracle_ac_primal_dual,O-PD,$V_a{+}V_m$,Vm+Va,Va+Vm,18,11,0.5672440528869629,108.0,0.5825610160827637,-126.27557641456966,\textbf{F},0.292/-68/70,0.033/7/9,\textbf{F},14.086/-418/283,0.567/-139/108,14.372/-191/150,\textbf{F},\textbf{F},1.106/-126/127,0.070/-15/45,\textbf{F},0.028/-22/29,61.359/-310/256,3.602/-323/222,0.148/-55/33,\textbf{F},\textbf{F},,2,"(2, (0, 1), 'Va+Vm')"
oracle_ac_primal_dual,O-PD,$V_a{+}P_g$,Pg+Va,Va+Pg,18,15,1.368736982345581,57.0,1.4127438068389893,-32.21167904766762,\textbf{F},0.199/-14/33,0.030/16/13,71.078/-58/103,5.104/-88/93,0.216/9/16,17.592/-257/190,7.487/17/65,\textbf{F},1.369/-180/183,0.084/-38/57,20.537/-32/71,0.018/19/9,15.160/-1/37,0.993/-17/41,0.201/-111/14,\textbf{F},26.425/-62/71,,2,"(2, (0, 2), 'Va+Pg')"
oracle_ac_primal_dual,O-PD,$V_a{+}Q_g$,Qg+Va,Va+Qg,18,11,0.291996955871582,87.0,0.3255410194396972,-66.45163587266859,\textbf{F},0.290/-66/73,0.032/11/14,\textbf{F},15.731/-479/299,0.292/-23/38,14.382/-192/180,\textbf{F},\textbf{F},2.355/-382/260,0.098/-62/87,\textbf{F},0.024/-3/26,61.633/-311/257,4.441/-421/175,0.125/-32/30,\textbf{F},\textbf{F},,2,"(2, (0, 3), 'Va+Qg')"
oracle_ac_primal_dual,O-PD,$V_m{+}P_g$,Pg+Vm,Vm+Pg,18,14,0.8220694065093994,45.5,0.8879934549331665,-37.044487360723096,\textbf{F},0.198/-14/35,0.029/20/8,\textbf{F},13.459/-395/248,0.216/9/16,7.461/-51/73,28.360/-216/273,\textbf{F},0.684/-40/73,0.068/-12/40,67.218/-333/253,0.031/-34/49,14.513/3/34,0.960/-13/42,0.137/-44/13,\textbf{F},32.362/-98/94,,2,"(2, (1, 2), 'Vm+Pg')"
oracle_ac_primal_dual,O-PD,$V_m{+}Q_g$,Qg+Vm,Vm+Qg,18,10,0.271436333656311,66.5,0.28816378116607666,-71.06275188104864,\textbf{F},0.243/-40/51,0.035/1/21,\textbf{F},\textbf{F},0.300/-26/37,13.951/-183/171,\textbf{F},\textbf{F},1.132/-132/135,0.101/-66/82,\textbf{F},0.022/5/26,55.697/-272/239,3.011/-253/209,0.168/-76/32,\textbf{F},\textbf{F},,2,"(2, (1, 3), 'Vm+Qg')"
oracle_ac_primal_dual,O-PD,$P_g{+}Q_g$,Pg+Qg,Pg+Qg,18,13,0.6138231754302979,58.0,0.682056188583374,-35.61372782880063,\textbf{F},0.236/-36/47,0.032/10/17,\textbf{F},12.180/-348/215,0.209/12/15,12.445/-152/141,\textbf{F},\textbf{F},0.614/-26/58,0.069/-14/39,49.377/-218/179,0.027/-19/34,\textbf{F},1.489/-75/73,0.193/-102/28,60.688/-32/235,64.296/-294/208,,2,"(2, (2, 3), 'Pg+Qg')"
oracle_ac_primal_dual,O-PD,$V_a{+}V_m{+}P_g$,Pg+Vm+Va,Va+Vm+Pg,18,15,1.2726759910583496,31.0,1.406318187713623,6.056740765589584,\textbf{F},0.171/2/23,0.027/24/7,\textbf{F},4.259/-57/73,0.223/6/16,7.070/-43/66,6.682/26/54,\textbf{F},1.273/-160/94,0.065/-6/38,11.900/23/31,0.019/18/8,12.299/18/24,0.869/-2/28,0.074/22/7,36.131/21/113,23.735/-46/61,,2,"(3, (0, 1, 2), 'Va+Vm+Pg')"
oracle_ac_primal_dual,O-PD,$V_a{+}V_m{+}Q_g$,Qg+Vm+Va,Va+Vm+Qg,18,10,0.28058159351348877,57.5,0.2909836769104004,-40.67300652842423,\textbf{F},0.265/-52/59,0.031/13/6,\textbf{F},\textbf{F},0.297/-25/40,19.502/-295/236,\textbf{F},\textbf{F},1.008/-106/101,0.077/-28/56,\textbf{F},0.020/13/23,58.597/-291/244,3.274/-284/223,0.123/-29/34,\textbf{F},\textbf{F},,2,"(3, (0, 1, 3), 'Va+Vm+Qg')"
oracle_ac_primal_dual,O-PD,$V_a{+}P_g{+}Q_g$,Pg+Qg+Va,Va+Pg+Qg,18,14,1.9833365678787231,49.5,2.0539910793304443,-10.458198253408067,\textbf{F},0.184/-5/27,0.029/20/12,\textbf{F},7.548/-178/109,0.190/20/11,6.906/-40/70,10.365/-15/72,\textbf{F},2.932/-500/229,0.051/16/16,15.744/-1/57,0.016/30/7,19.755/-32/52,1.035/-21/47,0.080/16/10,\textbf{F},28.380/-74/77,,2,"(3, (0, 2, 3), 'Va+Pg+Qg')"
oracle_ac_primal_dual,O-PD,$V_m{+}P_g{+}Q_g$,Pg+Qg+Vm,Vm+Pg+Qg,18,14,0.753371000289917,27.0,0.8058435916900635,3.162538982641586,\textbf{F},0.159/9/19,0.027/25/9,169.398/-276/283,13.303/-389/242,0.179/25/6,7.145/-45/64,30.043/-235/266,\textbf{F},0.659/-35/70,0.054/11/22,\textbf{F},0.017/24/13,10.698/29/17,0.848/1/32,0.090/6/9,\textbf{F},24.931/-53/65,,2,"(3, (1, 2, 3), 'Vm+Pg+Qg')"
oracle_ac_primal_dual,O-PD,$V_a{+}V_m{+}P_g{+}Q_g$,Pg+Qg+Vm+Va,Va+Vm+Pg+Qg,18,18,1.803743839263916,3.5,2.4108959436416626,47.578927078331944,11.308/63/8,0.119/32/2,0.027/24/2,17.136/62/5,1.337/51/4,0.167/30/2,2.270/54/3,4.601/49/9,38.037/77/12,0.272/44/2,0.040/34/2,4.883/69/4,0.019/19/2,8.028/46/4,0.486/43/3,0.071/25/2,8.511/81/4,8.317/49/4,,2,"(4, (0, 1, 2, 3), 'Va+Vm+Pg+Qg')"
oracle_ac_constraint_dual,O-CD,$V_a$,Va,Va,18,14,1.3390800952911377,89.0,1.4113595485687256,-41.90352112822817,\textbf{F},0.194/-11/34,0.033/7/11,\textbf{F},6.723/-147/98,0.234/1/21,10.001/-103/110,\textbf{F},\textbf{F},1.243/-154/148,0.070/-15/45,48.125/-210/202,0.017/24/11,28.366/-89/104,1.436/-68/80,0.088/8/28,43.258/6/161,76.200/-367/228,,3,"(1, (0,), 'Va')"
oracle_ac_constraint_dual,O-CD,$V_m$,Vm,Vm,18,14,1.4413299560546875,81.0,1.5144588947296143,-45.93071833608717,\textbf{F},0.208/-20/38,0.033/8/13,\textbf{F},7.673/-182/153,0.223/6/20,7.334/-49/74,\textbf{F},\textbf{F},1.289/-164/164,0.079/-30/50,70.327/-353/287,0.023/-1/26,31.711/-112/115,1.593/-87/88,0.086/10/20,65.605/-43/242,49.123/-201/159,,3,"(1, (1,), 'Vm')"
oracle_ac_constraint_dual,O-CD,$P_g$,Pg,Pg,18,15,1.6346619129180908,42.0,1.679093837738037,-17.44054124382002,81.437/-169/237,0.208/-19/36,0.034/3/14,\textbf{F},9.919/-265/157,0.197/17/11,5.370/-9/46,26.825/-199/265,\textbf{F},1.298/-166/168,0.066/-9/36,16.022/-3/55,0.027/-17/17,13.932/7/29,1.635/-92/42,0.086/10/15,\textbf{F},19.238/-18/45,,3,"(1, (2,), 'Pg')"
oracle_ac_constraint_dual,O-CD,$Q_g$,Qg,Qg,18,13,0.6117360591888428,63.0,0.6651909351348877,-39.0618431484781,\textbf{F},0.242/-39/49,0.029/18/14,\textbf{F},11.728/-331/196,0.237/0/22,7.545/-53/81,\textbf{F},\textbf{F},0.612/-25/63,0.065/-8/29,61.140/-294/261,0.025/-8/25,29.645/-98/108,2.782/-226/108,0.105/-10/23,\textbf{F},45.044/-176/143,,3,"(1, (3,), 'Qg')"
oracle_ac_constraint_dual,O-CD,$V_a{+}V_m$,Vm+Va,Va+Vm,18,13,0.9249539375305176,90.0,0.9640469551086426,-89.26976104286398,\textbf{F},0.256/-47/57,0.029/19/10,\textbf{F},6.473/-138/126,0.429/-81/70,12.135/-146/119,\textbf{F},\textbf{F},0.925/-89/90,0.100/-64/83,68.701/-342/280,0.030/-29/13,31.916/-113/118,1.979/-132/93,0.077/20/16,\textbf{F},71.936/-341/224,,3,"(2, (0, 1), 'Va+Vm')"
oracle_ac_constraint_dual,O-CD,$V_a{+}P_g$,Pg+Va,Va+Pg,18,17,3.013284921646118,33.0,3.2460739612579346,2.7409598769033265,80.306/-165/234,0.163/6/18,0.033/6/11,105.372/-134/166,3.013/-11/44,0.187/21/11,5.253/-7/43,7.442/17/33,\textbf{F},1.837/-276/183,0.067/-10/36,22.874/-47/95,0.017/24/10,12.739/15/21,0.779/9/24,0.082/14/15,63.046/-38/253,15.865/3/33,,3,"(2, (0, 2), 'Va+Pg')"
oracle_ac_constraint_dual,O-CD,$V_a{+}Q_g$,Qg+Va,Va+Qg,18,12,0.9086085557937621,72.5,0.9647064208984375,-59.86792215542711,\textbf{F},0.284/-63/62,0.029/17/10,\textbf{F},8.924/-228/151,0.251/-6/26,7.730/-57/83,\textbf{F},\textbf{F},1.942/-297/113,0.073/-19/50,43.482/-180/204,0.024/-5/9,30.015/-100/106,1.533/-80/86,0.086/9/27,\textbf{F},\textbf{F},,3,"(2, (0, 3), 'Va+Qg')"
oracle_ac_constraint_dual,O-CD,$V_m{+}P_g$,Pg+Vm,Vm+Pg,18,14,0.9894070625305176,23.5,1.0566561222076416,5.071482330955889,\textbf{F},0.163/6/20,0.034/4/11,\textbf{F},8.355/-207/148,0.193/19/11,5.866/-19/53,17.721/-97/159,\textbf{F},1.242/-154/151,0.056/8/22,20.020/-29/75,0.019/18/20,12.621/16/23,0.737/14/24,0.073/23/13,\textbf{F},21.419/-31/52,,3,"(2, (1, 2), 'Vm+Pg')"
oracle_ac_constraint_dual,O-CD,$V_m{+}Q_g$,Qg+Vm,Vm+Qg,18,14,1.542590618133545,85.0,1.5977182388305664,-59.59497477043797,\textbf{F},0.226/-30/44,0.035/2/16,\textbf{F},11.154/-310/192,0.224/6/21,7.257/-47/77,\textbf{F},\textbf{F},1.492/-205/168,0.088/-45/62,64.782/-317/276,0.026/-13/25,31.016/-107/115,1.593/-87/93,0.111/-16/41,78.844/-72/300,50.658/-211/164,,3,"(2, (1, 3), 'Vm+Qg')"
oracle_ac_constraint_dual,O-CD,$P_g{+}Q_g$,Pg+Qg,Pg+Qg,18,14,1.2647290229797363,50.0,1.3246605396270752,-35.95180303424626,\textbf{F},0.242/-39/46,0.034/4/15,\textbf{F},8.003/-194/155,0.186/22/9,7.237/-47/76,29.180/-225/295,\textbf{F},1.377/-182/180,0.070/-16/42,21.238/-37/81,0.024/-3/32,17.541/-17/34,1.152/-35/54,0.082/14/19,\textbf{F},27.433/-68/76,,3,"(2, (2, 3), 'Pg+Qg')"
oracle_ac_constraint_dual,O-CD,$V_a{+}V_m{+}P_g$,Pg+Vm+Va,Va+Vm+Pg,18,16,1.7559329271316528,20.0,2.0068061351776123,15.35025928422316,84.262/-178/213,0.145/17/12,0.031/14/7,\textbf{F},2.869/-6/41,0.204/14/10,5.748/-17/52,5.610/37/41,\textbf{F},0.640/-31/67,0.054/11/21,8.499/45/19,0.018/23/11,10.915/27/17,0.642/25/15,0.068/28/9,21.562/53/61,15.125/7/29,,3,"(3, (0, 1, 2), 'Va+Vm+Pg')"
oracle_ac_constraint_dual,O-CD,$V_a{+}V_m{+}Q_g$,Qg+Vm+Va,Va+Vm+Qg,18,12,0.49462687969207764,73.0,0.5194334983825684,-51.586946066872734,\textbf{F},0.242/-39/52,0.031/13/7,\textbf{F},\textbf{F},0.243/-2/25,11.833/-140/135,\textbf{F},\textbf{F},0.746/-53/77,0.091/-50/69,70.760/-356/276,0.019/15/8,31.788/-112/117,1.764/-107/102,0.077/19/16,\textbf{F},63.945/-292/201,,3,"(3, (0, 1, 3), 'Va+Vm+Qg')"
oracle_ac_constraint_dual,O-CD,$V_a{+}P_g{+}Q_g$,Pg+Qg+Va,Va+Pg+Qg,18,15,1.2357661724090576,33.0,1.2800133228302002,15.915541988003573,\textbf{F},0.171/2/23,0.030/16/10,\textbf{F},4.347/-60/74,0.187/21/9,4.909/0/42,5.494/39/37,\textbf{F},1.236/-153/153,0.048/20/16,10.136/35/34,0.017/28/6,12.305/18/24,0.968/-14/33,0.075/21/16,43.242/6/163,18.733/-15/43,,3,"(3, (0, 2, 3), 'Va+Pg+Qg')"
oracle_ac_constraint_dual,O-CD,$V_m{+}P_g{+}Q_g$,Pg+Qg+Vm,Vm+Pg+Qg,18,16,3.724198818206787,42.5,4.2000792026519775,-30.402946868411753,64.367/-112/184,0.183/-5/27,0.031/14/15,\textbf{F},9.579/-252/161,0.173/27/7,5.465/-11/50,18.987/-112/182,\textbf{F},1.983/-306/262,0.058/5/28,19.614/-26/71,0.033/-44/35,10.501/30/23,1.495/-75/29,0.079/17/14,65.695/-43/242,21.946/-35/55,,3,"(3, (1, 2, 3), 'Vm+Pg+Qg')"
oracle_ac_constraint_dual,O-CD,$V_a{+}V_m{+}P_g{+}Q_g$,Pg+Qg+Vm+Va,Va+Vm+Pg+Qg,18,18,1.9438090324401855,5.5,2.537220597267151,44.333413570280925,11.432/62/9,0.124/29/4,0.028/21/3,18.378/59/8,1.499/45/8,0.167/30/3,2.389/52/5,5.112/43/12,41.639/75/16,0.285/42/6,0.043/29/4,5.285/66/6,0.014/37/3,6.703/55/5,0.479/44/4,0.066/30/4,8.342/82/11,8.972/45/6,,3,"(4, (0, 1, 2, 3), 'Va+Vm+Pg+Qg')"
oracle_ac_bounds_dual,O-BD,$V_a$,Va,Va,18,11,0.3733179569244385,104.0,0.3965709209442138,-114.41126248317441,\textbf{F},0.373/-114/104,0.037/-3/24,\textbf{F},13.094/-382/253,0.328/-38/52,17.747/-260/235,\textbf{F},\textbf{F},1.970/-303/262,0.087/-43/67,\textbf{F},0.034/-47/48,39.683/-165/171,4.527/-431/240,0.087/8/30,\textbf{F},\textbf{F},,4,"(1, (0,), 'Va')"
oracle_ac_bounds_dual,O-BD,$V_m$,Vm,Vm,18,11,0.3005869388580322,99.0,0.3317670822143554,-79.27971352464215,\textbf{F},0.277/-59/66,0.032/10/17,\textbf{F},\textbf{F},0.301/-27/42,13.033/-164/165,\textbf{F},\textbf{F},0.876/-79/112,0.095/-57/79,\textbf{F},0.043/-89/99,30.081/-101/127,3.093/-263/209,0.089/6/28,\textbf{F},67.121/-311/250,,4,"(1, (1,), 'Vm')"
oracle_ac_bounds_dual,O-BD,$P_g$,Pg,Pg,18,13,1.521338939666748,74.0,1.5932118892669678,-37.00902421919999,\textbf{F},0.242/-39/52,0.031/12/13,\textbf{F},12.585/-363/258,0.229/4/18,6.758/-37/74,\textbf{F},\textbf{F},1.927/-294/217,0.094/-55/79,18.436/-19/77,0.023/1/36,16.410/-10/49,1.521/-78/83,0.111/-17/50,\textbf{F},38.776/-138/131,,4,"(1, (2,), 'Pg')"
oracle_ac_bounds_dual,O-BD,$Q_g$,Qg,Qg,18,10,0.32255768775939936,83.0,0.3463220596313476,-76.2522860649184,\textbf{F},0.371/-113/98,0.034/4/22,\textbf{F},\textbf{F},0.274/-15/36,12.514/-154/163,\textbf{F},\textbf{F},1.240/-154/118,0.085/-39/68,\textbf{F},0.028/-20/45,45.060/-201/194,3.007/-253/206,0.117/-23/51,\textbf{F},\textbf{F},,4,"(1, (3,), 'Qg')"
oracle_ac_bounds_dual,O-BD,$V_a{+}V_m$,Vm+Va,Va+Vm,18,13,0.7515420913696289,97.0,0.7999551296234131,-111.10076504587956,\textbf{F},0.368/-111/60,0.038/-6/29,\textbf{F},13.654/-402/300,0.536/-126/97,16.636/-237/213,\textbf{F},\textbf{F},0.752/-54/88,0.095/-56/76,46.884/-202/247,0.019/19/16,31.507/-110/128,4.983/-485/222,0.087/9/27,\textbf{F},71.460/-338/268,,4,"(2, (0, 1), 'Va+Vm')"
oracle_ac_bounds_dual,O-BD,$V_a{+}P_g$,Pg+Va,Va+Pg,18,14,1.6106079816818237,75.0,1.6698535680770874,-54.11251764273805,\textbf{F},0.740/-325/56,0.033/6/21,\textbf{F},9.995/-268/212,0.232/2/22,7.774/-58/90,21.219/-136/214,\textbf{F},1.937/-296/272,0.067/-11/42,17.958/-16/81,0.028/-20/45,26.525/-77/100,1.284/-51/69,0.084/12/24,\textbf{F},52.350/-221/189,,4,"(2, (0, 2), 'Va+Pg')"
oracle_ac_bounds_dual,O-BD,$V_a{+}Q_g$,Qg+Va,Va+Qg,18,11,0.5166940689086914,72.0,0.5521562099456787,-196.7578322376395,\textbf{F},0.517/-197/72,0.035/2/21,\textbf{F},11.634/-328/250,0.330/-39/52,22.378/-354/293,\textbf{F},\textbf{F},1.602/-228/219,0.069/-14/44,\textbf{F},0.026/-13/27,45.190/-202/199,3.135/-268/217,0.086/10/25,\textbf{F},\textbf{F},,4,"(2, (0, 3), 'Va+Qg')"
oracle_ac_bounds_dual,O-BD,$V_m{+}P_g$,Pg+Vm,Vm+Pg,18,12,0.7146040201187134,73.5,0.7650641202926636,-56.65804112149763,\textbf{F},0.316/-82/71,0.035/3/15,\textbf{F},\textbf{F},0.239/-1/25,7.023/-42/76,\textbf{F},\textbf{F},1.173/-140/125,0.123/-103/110,26.553/-71/111,0.042/-82/99,16.726/-12/49,1.113/-31/53,0.106/-11/45,\textbf{F},39.488/-142/135,,4,"(2, (1, 2), 'Vm+Pg')"
oracle_ac_bounds_dual,O-BD,$V_m{+}Q_g$,Qg+Vm,Vm+Qg,18,11,0.7258579730987549,84.0,0.7697458267211914,-67.54863660456628,\textbf{F},1.110/-538/91,0.030/15/14,\textbf{F},\textbf{F},0.280/-18/37,13.696/-178/169,\textbf{F},\textbf{F},0.726/-49/80,0.102/-68/84,\textbf{F},0.032/-41/58,31.980/-113/131,2.853/-235/194,0.095/1/39,\textbf{F},62.661/-284/231,,4,"(2, (1, 3), 'Vm+Qg')"
oracle_ac_bounds_dual,O-BD,$P_g{+}Q_g$,Pg+Qg,Pg+Qg,18,13,1.1914489269256592,62.0,1.2944629192352295,-39.76973076987621,\textbf{F},0.238/-36/51,0.032/10/15,\textbf{F},10.647/-292/219,0.223/6/20,9.462/-92/103,\textbf{F},\textbf{F},2.599/-432/128,0.095/-56/81,38.911/-150/216,0.032/-39/62,16.121/-8/46,1.191/-40/61,0.088/8/27,\textbf{F},42.320/-159/146,,4,"(2, (2, 3), 'Pg+Qg')"
oracle_ac_bounds_dual,O-BD,$V_a{+}V_m{+}P_g$,Pg+Vm+Va,Va+Vm+Pg,18,16,2.8138309717178345,39.0,3.047686219215393,-9.352026738696438,\textbf{F},0.214/-23/30,0.032/11/18,134.318/-198/241,4.790/-76/86,0.225/5/20,7.542/-53/84,14.165/-58/130,\textbf{F},0.659/-35/70,0.073/-20/44,9.555/38/33,0.019/16/17,12.750/15/27,0.838/2/34,0.074/23/17,28.452/38/113,26.432/-62/80,,4,"(3, (0, 1, 2), 'Va+Vm+Pg')"
oracle_ac_bounds_dual,O-BD,$V_a{+}V_m{+}Q_g$,Qg+Vm+Va,Va+Vm+Qg,18,11,0.6184618473052979,93.0,0.633037805557251,-109.3306514496998,\textbf{F},0.416/-139/93,0.033/7/18,\textbf{F},12.284/-352/267,0.618/-161/130,15.821/-221/204,\textbf{F},\textbf{F},0.703/-44/75,0.066/-8/40,\textbf{F},0.018/21/12,31.363/-109/126,\textbf{F},0.080/16/21,\textbf{F},73.685/-352/277,,4,"(3, (0, 1, 3), 'Va+Vm+Qg')"
oracle_ac_bounds_dual,O-BD,$V_a{+}P_g{+}Q_g$,Pg+Qg+Va,Va+Pg+Qg,18,14,1.5646840333938599,66.5,1.6109551191329956,-44.14196887256731,\textbf{F},0.267/-53/45,0.037/-5/25,\textbf{F},9.367/-244/198,0.206/13/17,6.666/-35/73,26.283/-193/268,\textbf{F},1.595/-226/224,0.081/-34/57,13.486/13/60,0.028/-24/38,24.727/-65/89,1.535/-80/91,0.088/8/26,\textbf{F},61.888/-279/228,,4,"(3, (0, 2, 3), 'Va+Pg+Qg')"
oracle_ac_bounds_dual,O-BD,$V_m{+}P_g{+}Q_g$,Pg+Qg+Vm,Vm+Pg+Qg,18,12,0.6453025341033936,62.0,0.6812351942062378,-36.80108637938088,\textbf{F},0.335/-92/53,0.034/5/12,\textbf{F},\textbf{F},0.215/10/16,6.969/-41/69,\textbf{F},\textbf{F},0.956/-96/124,0.079/-30/61,37.278/-140/167,0.026/-12/45,19.822/-32/63,1.455/-71/65,0.086/10/28,\textbf{F},29.764/-82/92,,4,"(3, (1, 2, 3), 'Vm+Pg+Qg')"
oracle_ac_bounds_dual,O-BD,$V_a{+}V_m{+}P_g{+}Q_g$,Pg+Qg+Vm+Va,Va+Vm+Pg+Qg,18,16,1.9048645496368408,16.0,2.3610360622406006,22.754813341521732,62.732/-107/175,0.181/-4/22,0.029/20/5,\textbf{F},5.324/-96/90,0.197/17/9,3.104/37/17,13.269/-48/109,\textbf{F},0.326/33/15,0.045/26/9,4.929/68/5,0.016/28/9,9.756/35/11,0.706/17/22,0.069/28/6,9.721/79/19,17.340/-6/35,,4,"(4, (0, 1, 2, 3), 'Va+Vm+Pg+Qg')"
oracle_ac_primal_dual_all_bounds,O-PD-AB,$V_a$,Va,Va,18,17,1.588818073272705,7.0,1.9904539585113523,31.433889756214718,25.781/15/47,0.131/25/5,0.034/5/7,\textbf{F},1.589/42/10,0.166/30/4,2.446/50/6,5.118/43/14,94.997/43/75,0.620/-27/6,0.043/29/5,5.573/64/8,0.023/1/6,8.967/40/7,0.579/32/8,0.065/31/6,47.540/-4/191,10.587/35/13,,5,"(1, (0,), 'Va')"
oracle_ac_primal_dual_all_bounds,O-PD-AB,$V_m$,Vm,Vm,18,16,2.768085479736328,19.0,3.011299967765808,-5.129597218869199,83.035/-174/246,0.161/7/19,0.034/6/6,\textbf{F},8.541/-214/177,0.180/24/5,3.461/30/19,24.884/-177/243,\textbf{F},2.075/-325/63,0.076/-24/16,9.798/37/16,0.027/-16/43,11.494/23/19,0.753/12/18,0.073/24/12,61.624/-34/255,18.901/-16/44,,5,"(1, (1,), 'Vm')"
oracle_ac_primal_dual_all_bounds,O-PD-AB,$P_g$,Pg,Pg,18,17,3.2147128582000732,30.0,3.985234022140503,-3.2349726775953886,89.731/-196/250,0.169/3/18,0.030/17/7,145.344/-223/239,13.108/-382/263,0.171/28/5,3.215/35/17,27.106/-202/277,\textbf{F},0.624/-28/54,0.062/-1/35,16.828/-8/50,0.024/-3/20,8.212/45/12,1.060/-24/28,0.065/32/8,65.523/-43/245,15.223/7/30,,5,"(1, (2,), 'Pg')"
oracle_ac_primal_dual_all_bounds,O-PD-AB,$Q_g$,Qg,Qg,18,14,1.2326589822769165,35.0,1.402155876159668,-4.210523108395954,\textbf{F},0.221/-27/33,0.034/4/6,\textbf{F},7.026/-158/135,0.179/25/7,4.823/2/39,25.911/-189/260,\textbf{F},0.719/-47/39,0.094/-54/37,9.958/36/20,0.023/-1/16,8.216/45/11,1.746/-105/37,0.065/32/7,\textbf{F},17.599/-8/39,,5,"(1, (3,), 'Qg')"
oracle_ac_primal_dual_all_bounds,O-PD-AB,$V_a{+}V_m$,Vm+Va,Va+Vm,18,17,1.425807237625122,4.0,1.828705072402954,45.407954179554494,13.954/54/10,0.127/27/3,0.029/19/3,\textbf{F},1.426/48/6,0.169/29/3,2.331/53/4,3.269/64/10,50.004/70/24,0.267/45/3,0.174/-186/3,6.318/59/4,0.017/28/3,8.476/43/5,0.485/43/4,0.066/31/3,6.813/85/6,8.482/48/5,,5,"(2, (0, 1), 'Va+Vm')"
oracle_ac_primal_dual_all_bounds,O-PD-AB,$V_a{+}P_g$,Pg+Va,Va+Pg,18,18,2.0007710456848145,8.5,2.589722514152527,32.79847133466927,18.168/40/26,0.127/27/5,0.028/22/7,159.252/-254/259,1.555/43/10,0.172/28/4,2.446/50/5,3.566/60/14,57.566/65/34,0.298/39/6,0.045/26/5,6.900/56/10,0.017/27/6,7.766/48/9,0.534/37/8,0.070/27/6,43.930/4/183,11.707/28/17,,5,"(2, (0, 2), 'Va+Pg')"
oracle_ac_primal_dual_all_bounds,O-PD-AB,$V_a{+}Q_g$,Qg+Va,Va+Qg,18,17,1.6442348957061768,7.0,2.058666944503784,33.41035649232393,43.541/-44/96,0.128/27/5,0.030/16/5,\textbf{F},1.644/40/12,0.170/28/4,2.718/45/10,3.685/59/16,82.818/50/58,0.290/41/7,0.111/-83/7,5.673/63/7,0.015/33/5,8.853/41/6,0.557/35/10,0.065/32/5,46.133/-1/194,12.934/21/21,,5,"(2, (0, 3), 'Va+Qg')"
oracle_ac_primal_dual_all_bounds,O-PD-AB,$V_m{+}P_g$,Pg+Vm,Vm+Pg,18,15,1.147808074951172,21.0,1.1970939636230469,4.723374363089395,101.736/-235/300,0.166/5/19,0.028/20/8,\textbf{F},9.134/-236/190,0.174/27/5,3.520/29/21,25.564/-185/245,\textbf{F},0.722/-48/64,0.053/13/13,29.422/-89/98,0.020/14/20,11.793/21/20,1.148/-35/53,0.066/31/7,\textbf{F},19.814/-21/47,,5,"(2, (1, 2), 'Vm+Pg')"
oracle_ac_primal_dual_all_bounds,O-PD-AB,$V_m{+}Q_g$,Qg+Vm,Vm+Qg,18,15,0.7916700839996338,35.0,0.8685839176177979,-11.066964590631008,\textbf{F},0.163/6/18,0.032/11/7,\textbf{F},9.260/-241/194,0.177/26/6,5.682/-15/49,26.798/-199/260,\textbf{F},0.543/-11/47,0.189/-211/35,8.380/46/14,0.027/-18/41,10.118/32/18,0.792/7/26,0.073/24/12,74.129/-62/276,24.764/-52/65,,5,"(2, (1, 3), 'Vm+Qg')"
oracle_ac_primal_dual_all_bounds,O-PD-AB,$P_g{+}Q_g$,Pg+Qg,Pg+Qg,18,14,0.8735944032669067,32.0,0.9903014898300171,-7.313791190870732,79.677/-163/234,0.146/16/13,0.029/17/8,\textbf{F},7.352/-170/143,0.184/23/8,4.782/3/40,\textbf{F},\textbf{F},0.742/-52/36,0.060/2/28,61.055/-293/184,0.027/-17/22,10.198/32/12,1.005/-18/42,0.065/32/8,\textbf{F},25.630/-57/64,,5,"(2, (2, 3), 'Pg+Qg')"
oracle_ac_primal_dual_all_bounds,O-PD-AB,$V_a{+}V_m{+}P_g$,Pg+Vm+Va,Va+Vm+Pg,18,18,1.835580587387085,4.0,2.2645552158355713,46.754054172494136,13.564/55/9,0.128/26/3,0.027/24/2,151.529/-237/240,1.345/51/5,0.168/29/3,2.326/53/4,4.135/54/10,40.842/75/15,0.265/46/3,0.068/-13/3,6.623/57/4,0.020/14/3,7.584/49/5,0.479/44/4,0.064/33/3,6.824/85/6,8.526/48/5,,5,"(3, (0, 1, 2), 'Va+Vm+Pg')"
oracle_ac_primal_dual_all_bounds,O-PD-AB,$V_a{+}V_m{+}Q_g$,Qg+Vm+Va,Va+Vm+Qg,18,18,1.8215705156326294,4.0,2.427717089653015,47.28701621943878,11.660/62/8,0.134/23/3,0.028/22/3,17.204/62/5,1.302/52/4,0.162/32/3,2.341/53/4,3.217/64/9,43.989/73/18,0.263/46/3,0.066/-9/3,4.952/68/4,0.017/24/3,8.278/45/4,0.488/43/3,0.062/35/3,6.551/86/4,8.416/48/4,,5,"(3, (0, 1, 3), 'Va+Vm+Qg')"
oracle_ac_primal_dual_all_bounds,O-PD-AB,$V_a{+}P_g{+}Q_g$,Pg+Qg+Va,Va+Pg+Qg,18,17,1.624897003173828,9.0,2.0266880989074707,35.79160816472655,22.632/25/47,0.133/23/5,0.034/3/5,\textbf{F},1.625/40/11,0.168/29/4,2.728/45/9,3.750/58/16,49.091/70/26,0.307/37/7,0.068/-12/7,6.006/61/10,0.020/12/5,7.413/51/8,0.547/36/9,0.067/29/5,18.684/59/63,12.207/25/19,,5,"(3, (0, 2, 3), 'Va+Pg+Qg')"
oracle_ac_primal_dual_all_bounds,O-PD-AB,$V_m{+}P_g{+}Q_g$,Pg+Qg+Vm,Vm+Pg+Qg,18,14,0.7654678821563721,27.0,0.8116223812103271,-19.750791989298673,\textbf{F},0.159/9/19,0.030/16/9,169.635/-277/283,11.760/-332/242,0.174/27/6,7.217/-46/64,27.094/-202/266,\textbf{F},0.686/-40/70,0.123/-102/22,\textbf{F},0.018/22/13,11.389/24/17,0.845/1/32,0.068/29/9,\textbf{F},24.927/-53/65,,5,"(3, (1, 2, 3), 'Vm+Pg+Qg')"
oracle_ac_primal_dual_all_bounds,O-PD-AB,$V_a{+}V_m{+}P_g{+}Q_g$,Pg+Qg+Vm+Va,Va+Vm+Pg+Qg,18,18,1.7862249612808228,3.5,2.3886523246765137,50.05941651758707,11.201/63/8,0.126/27/2,0.030/15/2,17.428/61/5,1.307/52/4,0.162/32/2,2.265/54/3,3.109/65/9,38.632/77/12,0.255/48/2,0.099/-63/2,6.133/61/4,0.017/27/2,6.579/56/4,0.472/45/3,0.062/35/2,6.541/86/4,8.452/48/4,,5,"(4, (0, 1, 2, 3), 'Va+Vm+Pg+Qg')"
oracle_ac_dual_only_constraint,DO-C,---,,,18,13,1.0229299068450928,65.0,1.0591328144073486,-39.18130051386599,\textbf{F},0.207/-19/35,0.034/5/14,\textbf{F},8.838/-225/171,0.302/-27/41,6.865/-39/65,\textbf{F},\textbf{F},1.023/-109/130,0.096/-58/30,\textbf{F},0.027/-17/19,25.834/-72/95,1.970/-131/104,0.081/15/18,52.032/-14/211,37.338/-129/114,,6,"(0, (), '')"
oracle_ac_dual_only_bounds,DO-B,---,,,18,14,1.7949455976486206,47.0,1.858664631843567,-36.184602867076926,61.616/-103/185,0.236/-36/45,0.034/5/10,\textbf{F},9.918/-265/209,0.192/19/9,5.562/-13/49,\textbf{F},\textbf{F},0.795/-63/97,0.083/-37/27,8.302/47/25,0.051/-121/80,8.924/40/16,2.795/-228/71,0.086/10/24,\textbf{F},22.308/-37/62,,7,"(0, (), '')"
oracle_ac_dual_only_full,DO-F,---,,,18,14,0.7318228483200073,23.5,0.8912638425827026,8.57681877591428,\textbf{F},0.193/-11/32,0.031/13/7,\textbf{F},8.907/-228/180,0.174/27/5,3.348/32/19,22.701/-153/228,\textbf{F},0.523/-7/46,0.105/-73/35,9.279/40/19,0.019/17/15,9.781/35/11,0.941/-10/28,0.072/25/7,\textbf{F},15.688/4/32,,8,"(0, (), '')"
dc_seed,DC,$V_a$,Va,Va,18,17,2.629779815673828,38.0,3.2389678955078125,3.289606528903048,27.365/10/64,0.192/-10/29,0.030/15/15,42.229/6/61,2.630/3/37,0.233/2/21,6.668/-35/61,6.529/27/51,107.184/35/110,0.413/15/30,0.099/-63/23,15.678/-1/55,0.022/3/15,14.646/2/38,1.408/-65/56,0.072/24/14,\textbf{F},16.442/-1/39,,9,"(1, (0,), 'Va')"
dc_seed,DC,$P_g$,Pg,Pg,18,17,2.8555450439453125,40.0,3.4338090419769287,0.07437352869523756,32.050/-6/78,0.171/2/22,0.030/14/13,43.777/3/62,2.856/-5/42,0.227/5/19,5.212/-6/48,8.388/7/54,165.297/0/176,0.430/12/32,0.092/-51/23,12.259/21/40,0.023/-1/17,14.971/0/40,0.856/-0/31,0.072/25/12,\textbf{F},16.308/0/40,,9,"(1, (2,), 'Pg')"
dc_seed,DC,$V_a{+}P_g$,Pg+Va,Va+Pg,18,18,4.008045077323914,33.5,4.628035068511963,9.109249317600003,74.502/-146/195,0.190/-9/28,0.032/9/14,37.476/17/52,2.468/9/33,0.217/8/16,5.548/-12/48,7.639/15/44,108.666/34/107,0.418/15/30,0.077/-26/18,12.021/23/38,0.018/21/13,11.942/20/32,1.153/-35/50,0.075/21/13,58.667/-28/250,15.204/7/34,,9,"(2, (0, 2), 'Va+Pg')"
